[
{"short": "ACLBSL", "cname": "Aarambha Chautari Laghubitta Bittiya Sanstha Limited (ACLBSL)", "sector": "Microfinance", "sharesout": "3,671,434.11", "low_high": "1,870.00-1,077.00", "avg_120": "1,354.61", "yield_year": "-30.13%", "eps": "23.72(FY:078-079, Q:2)", "pe": "46.42", "book_value": "152.04", "pbv": "7.24", "dividend": "", "bonus": "", "right": "", "avg": "2,156.00", "market": "4,042,616,100.72"},
{"short": "AKPL", "cname": "Arun Kabeli Power Ltd. (AKPL)", "sector": "Hydro Power", "sharesout": "18,552,105.00", "low_high": "882.40-320.00", "avg_120": "532.08", "yield_year": "44.55%", "eps": "21.60(FY:078-079, Q:2)", "pe": "22.08", "book_value": "111.12", "pbv": "4.29", "dividend": "0.89(FY:077-078)", "bonus": "17.00(FY:077-078)", "right": "", "avg": "60,827.00", "market": "8,849,354,085.00"},
{"short": "ALBSL", "cname": "Asha Laghubitta Bittiya Sanstha Limited (ALBSL)", "sector": "Microfinance", "sharesout": "3,339,140.00", "low_high": "2,101.20-1,176.00", "avg_120": "1,469.76", "yield_year": "-13.42%", "eps": "52.34(FY:078-079, Q:2)", "pe": "26.00", "book_value": "154.52", "pbv": "8.81", "dividend": "1.32(FY:077-078)", "bonus": "25.00(FY:077-078)", "right": "", "avg": "1,293.00", "market": "4,544,569,540.00"},
{"short": "API", "cname": "Api Power Company Ltd. (API)", "sector": "Hydro Power", "sharesout": "38,449,155,446.11", "low_high": "670.00-300.00", "avg_120": "484.88", "yield_year": "10.28%", "eps": "0.01(FY:078-079, Q:2)", "pe": "35,400.00", "book_value": "100.01", "pbv": "3.54", "dividend": "0.55(FY:077-078)", "bonus": "10.50(FY:077-078)", "right": "", "avg": "226,356.00", "market": "13,611,001,027,921.17"},
{"short": "ALICL", "cname": "Asian Life Insurance Co. Limited (ALICL)", "sector": "Life Insurance", "sharesout": "25,134,509.00", "low_high": "1,565.00-775.00", "avg_120": "1,035.43", "yield_year": "-31.31%", "eps": "0.00(FY:078-079, Q:2)", "pe": "0.00", "book_value": "138.32", "pbv": "6.30", "dividend": "2.00(FY:076-077)", "bonus": "25.00(FY:076-077)", "right": "1:0.6(FY:074-075)", "avg": "19,618.00", "market": "21,892,157,339.00"},
{"short": "AKJCL", "cname": "Ankhu Khola Jalvidhyut Company Ltd (AKJCL)", "sector": "Hydro Power", "sharesout": "8,000,000.00", "low_high": "502.00-143.00", "avg_120": "300.84", "yield_year": "88.59%", "eps": "9.44(FY:078-079, Q:2)", "pe": "29.77", "book_value": "71.80", "pbv": "3.91", "dividend": "", "bonus": "", "right": "", "avg": "56,271.00", "market": "2,248,000,000.00"},
{"short": "ADBL", "cname": "Agriculture Development Bank Limited (ADBL)", "sector": "Commercial Banks", "sharesout": "197,071,701.60", "low_high": "620.00-378.00", "avg_120": "421.72", "yield_year": "-13.69%", "eps": "16.09(FY:078-079, Q:2)", "pe": "23.87", "book_value": "171.36", "pbv": "2.24", "dividend": "", "bonus": "", "right": "", "avg": "27,372.00", "market": "75,695,240,584.56"},
{"short": "AIL", "cname": "AJOD Insurance Limited (AIL)", "sector": "Non-Life Insurance", "sharesout": "10,000,000.00", "low_high": "1,125.00-588.80", "avg_120": "700.56", "yield_year": "-22.81%", "eps": "9.27(FY:078-079, Q:2)", "pe": "78.10", "book_value": "111.80", "pbv": "6.48", "dividend": "", "bonus": "", "right": "", "avg": "6,777.00", "market": "7,240,000,000.00"},
{"short": "AHPC", "cname": "Arun Valley Hydropower Development Co. Ltd. (AHPC)", "sector": "Hydro Power", "sharesout": "17,295,950.00", "low_high": "785.00-237.00", "avg_120": "492.27", "yield_year": "92.21%", "eps": "8.66(FY:078-079, Q:2)", "pe": "54.16", "book_value": "107.82", "pbv": "4.35", "dividend": "0.53(FY:077-078)", "bonus": "10.00(FY:077-078)", "right": "", "avg": "143,455.00", "market": "8,111,800,550.00"},
{"short": "GIC", "cname": "General Insurance Company Limited (GIC)", "sector": "Non-Life Insurance", "sharesout": "10,000,000.00", "low_high": "860.00-485.10", "avg_120": "605.44", "yield_year": "-14.63%", "eps": "11.38(FY:078-079, Q:2)", "pe": "55.36", "book_value": "113.04", "pbv": "5.57", "dividend": "", "bonus": "", "right": "", "avg": "6,234.00", "market": "6,300,000,000.00"},
{"short": "GHL", "cname": "Ghalemdi Hydro Limited (GHL)", "sector": "Hydro Power", "sharesout": "5,500,000.00", "low_high": "555.90-149.00", "avg_120": "333.48", "yield_year": "98.05%", "eps": "0.73(FY:078-079, Q:2)", "pe": "417.81", "book_value": "100.28", "pbv": "3.04", "dividend": "", "bonus": "", "right": "", "avg": "36,346.00", "market": "1,677,500,000.00"},
{"short": "SBCF", "cname": "Sunrise Bluechip Fund (SBCF)", "sector": "Mutual Fund", "sharesout": "125,000,000.00", "low_high": "11.29-8.18", "avg_120": "8.91", "yield_year": "0.00%", "eps": "0.00(FY:, Q:0)", "pe": "0.00", "book_value": "0.00", "pbv": "8.70", "dividend": "", "bonus": "", "right": "", "avg": "13,471.00", "market": "1,087,500,000.00"},
{"short": "WNLB", "cname": "WEAN Nepal Laghubitta Bittiya Sanstha Limited (WNLB)", "sector": "Microfinance", "sharesout": "760,950.00", "low_high": "2,090.00-831.00", "avg_120": "1,463.83", "yield_year": "0.00%", "eps": "4.58(FY:078-079, Q:2)", "pe": "310.70", "book_value": "128.33", "pbv": "11.09", "dividend": "0.50(FY:077-078)", "bonus": "11.00(FY:077-078)", "right": "", "avg": "686.00", "market": "1,082,831,850.00"},
{"short": "GFCL", "cname": "Goodwill Finance Co. Ltd. (GFCL)", "sector": "Finance", "sharesout": "9,461,152.00", "low_high": "1,010.00-249.00", "avg_120": "639.05", "yield_year": "125.08%", "eps": "16.74(FY:078-079, Q:2)", "pe": "33.88", "book_value": "202.36", "pbv": "2.80", "dividend": "", "bonus": "", "right": "10:6(FY:072-073)", "avg": "8,903.00", "market": "5,366,365,414.40"},
{"short": "UPPER", "cname": "Upper Tamakoshi Hydropower Ltd (UPPER)", "sector": "Hydro Power", "sharesout": "105,900,000.00", "low_high": "962.50-550.10", "avg_120": "650.13", "yield_year": "-34.86%", "eps": "-6.24(FY:078-079, Q:2)", "pe": "-93.75", "book_value": "86.86", "pbv": "6.73", "dividend": "", "bonus": "", "right": "", "avg": "67,258.00", "market": "61,951,500,000.00"},
{"short": "VLBS", "cname": "Vijaya laghubitta Bittiya Sanstha Ltd. (VLBS)", "sector": "Microfinance", "sharesout": "3,200,000.00", "low_high": "2,036.00-1,140.10", "avg_120": "1,329.53", "yield_year": "-27.45%", "eps": "42.79(FY:078-079, Q:2)", "pe": "28.23", "book_value": "160.13", "pbv": "7.54", "dividend": "1.06(FY:077-078)", "bonus": "20.03(FY:077-078)", "right": "1:1(FY:074-075)", "avg": "686.00", "market": "3,865,600,000.00"},
{"short": "USLB", "cname": "Unnati Sahakarya Laghubitta Bittiya Sanstha Limited (USLB)", "sector": "Microfinance", "sharesout": "2,290,193.20", "low_high": "2,635.00-1,375.00", "avg_120": "1,599.91", "yield_year": "-40.91%", "eps": "23.96(FY:078-079, Q:2)", "pe": "58.85", "book_value": "157.38", "pbv": "8.96", "dividend": "", "bonus": "30.00(FY:077-078)", "right": "", "avg": "344.00", "market": "3,229,172,412.00"},
{"short": "UPCL", "cname": "UNIVERSAL POWER COMPANY LTD (UPCL)", "sector": "Hydro Power", "sharesout": "21,003,500.00", "low_high": "635.00-145.00", "avg_120": "365.08", "yield_year": "108.97%", "eps": "1.97(FY:078-079, Q:2)", "pe": "153.81", "book_value": "107.38", "pbv": "2.82", "dividend": "", "bonus": "", "right": "", "avg": "99,614.00", "market": "6,364,060,500.00"},
{"short": "UNHPL", "cname": "Union Hydropower Limited (UNHPL)", "sector": "Hydro Power", "sharesout": "7,500,000.00", "low_high": "612.00-118.00", "avg_120": "356.38", "yield_year": "161.60%", "eps": "5.27(FY:078-079, Q:2)", "pe": "62.05", "book_value": "92.50", "pbv": "3.54", "dividend": "", "bonus": "", "right": "", "avg": "10,907.00", "market": "2,452,500,000.00"},
{"short": "UMRH", "cname": "United IDI Mardi RB Hydropower Limited. (UMRH)", "sector": "Hydro Power", "sharesout": "4,200,000.00", "low_high": "1,150.00-261.00", "avg_120": "689.30", "yield_year": "265.48%", "eps": "22.73(FY:078-079, Q:2)", "pe": "49.85", "book_value": "111.57", "pbv": "10.16", "dividend": "", "bonus": "", "right": "", "avg": "14,295.00", "market": "4,758,600,000.00"},
{"short": "UNL", "cname": "Unilever Nepal Limited (UNL)", "sector": "Manufacturing And Processing", "sharesout": "921,000.00", "low_high": "23,180.00-18,050.00", "avg_120": "18,969.06", "yield_year": "-5.45%", "eps": "676.22(FY:078-079, Q:2)", "pe": "28.25", "book_value": "2,827.80", "pbv": "6.75", "dividend": "650.00(FY:077-078)", "bonus": "", "right": "", "avg": "33.00", "market": "17,591,100,000.00"},
{"short": "UMHL", "cname": "United Modi Hydropower Ltd. (UMHL)", "sector": "Hydro Power", "sharesout": "11,500,000.00", "low_high": "646.60-177.00", "avg_120": "391.61", "yield_year": "85.08%", "eps": "4.31(FY:078-079, Q:2)", "pe": "77.73", "book_value": "108.86", "pbv": "3.08", "dividend": "5.26(FY:076-077)", "bonus": "", "right": "", "avg": "52,722.00", "market": "3,852,500,000.00"},
{"short": "UIC", "cname": "United Insurance Co. (Nepal) Ltd. (UIC)", "sector": "Non-Life Insurance", "sharesout": "10,281,600.00", "low_high": "890.00-546.00", "avg_120": "669.94", "yield_year": "-8.08%", "eps": "11.68(FY:078-079, Q:2)", "pe": "56.51", "book_value": "115.37", "pbv": "5.72", "dividend": "", "bonus": "10.00(FY:072-073)", "right": "1:2.4(FY:074-075)", "avg": "20,354.00", "market": "6,785,856,000.00"},
{"short": "ULI", "cname": "Union Life Insurance Company Limited (ULI)", "sector": "Life Insurance", "sharesout": "21,500,000.00", "low_high": "940.10-342.00", "avg_120": "658.25", "yield_year": "0.00%", "eps": "0.00(FY:078-079, Q:2)", "pe": "0.00", "book_value": "154.13", "pbv": "4.60", "dividend": "", "bonus": "", "right": "", "avg": "30,783.00", "market": "15,243,500,000.00"},
{"short": "TPC", "cname": "Terhathum Power Company Limited (TPC)", "sector": "Hydro Power", "sharesout": "4,000,000.00", "low_high": "825.00-254.20", "avg_120": "575.79", "yield_year": "0.00%", "eps": "8.59(FY:078-079, Q:2)", "pe": "71.01", "book_value": "79.97", "pbv": "7.63", "dividend": "", "bonus": "", "right": "", "avg": "9,466.00", "market": "2,440,000,000.00"},
{"short": "TRH", "cname": "Taragaon Regency Hotel Limited (TRH)", "sector": "Hotels And Tourism", "sharesout": "18,866,540.00", "low_high": "468.00-275.00", "avg_120": "369.31", "yield_year": "15.36%", "eps": "-0.13(FY:078-079, Q:2)", "pe": "-2,830.77", "book_value": "112.84", "pbv": "3.26", "dividend": "10.00(FY:076-077)", "bonus": "", "right": "", "avg": "8,747.00", "market": "6,942,886,720.00"},
{"short": "BNHC", "cname": "Buddhabhumi Nepal Hydropower Company Limited (BNHC)", "sector": "Hydro Power", "sharesout": "", "low_high": "744.00-246.70", "avg_120": "614.73", "yield_year": "0.00%", "eps": "0.00(FY:, Q:0)", "pe": "0.00", "book_value": "0.00", "pbv": "627.30", "dividend": "", "bonus": "", "right": "", "avg": "7,357.00", "market": "0.00"},
{"short": "SRD80", "cname": "10% Sunrise Debenture 2080 (SRD80)", "sector": "Corporate Debenture", "sharesout": "1,000,000.00", "low_high": "1,086.00-934.50", "avg_120": "988.75", "yield_year": "-10.57%", "eps": "0.00(FY:, Q:0)", "pe": "0.00", "book_value": "0.00", "pbv": "934.50", "dividend": "", "bonus": "", "right": "", "avg": "100.00", "market": "934,500,000.00"},
{"short": "STC", "cname": "Salt Trading Corporation (STC)", "sector": "Tradings", "sharesout": "2,304,829.00", "low_high": "13,450.00-4,684.00", "avg_120": "5,945.10", "yield_year": "-60.98%", "eps": "11.09(FY:078-079, Q:2)", "pe": "429.22", "book_value": "672.15", "pbv": "7.08", "dividend": "", "bonus": "", "right": "", "avg": "1,648.00", "market": "10,970,986,040.00"},
{"short": "SSHL", "cname": "Shiva Shree Hydropower Limited (SSHL)", "sector": "Hydro Power", "sharesout": "14,764,000.00", "low_high": "533.00-200.00", "avg_120": "352.65", "yield_year": "61.24%", "eps": "-24.43(FY:078-079, Q:2)", "pe": "-13.79", "book_value": "89.03", "pbv": "3.79", "dividend": "", "bonus": "", "right": "", "avg": "39,372.00", "market": "4,975,468,000.00"},
{"short": "SRBL", "cname": "Sunrise Bank Limited (SRBL)", "sector": "Commercial Banks", "sharesout": "101,188,928.09", "low_high": "418.20-245.10", "avg_120": "275.77", "yield_year": "-20.82%", "eps": "14.74(FY:078-079, Q:2)", "pe": "17.03", "book_value": "151.79", "pbv": "1.65", "dividend": "0.35(FY:077-078)", "bonus": "6.65(FY:077-078)", "right": "10:3(FY:072-073)", "avg": "23,828.00", "market": "25,398,420,950.59"},
{"short": "SPC", "cname": "Samling Power Company Limited (SPC)", "sector": "Hydro Power", "sharesout": "5,000,000.00", "low_high": "845.50-296.30", "avg_120": "592.99", "yield_year": "0.00%", "eps": "-23.55(FY:078-079, Q:2)", "pe": "-27.35", "book_value": "116.31", "pbv": "5.54", "dividend": "", "bonus": "", "right": "", "avg": "10,591.00", "market": "3,220,000,000.00"},
{"short": "SPDL", "cname": "Synergy Power Development Ltd. (SPDL)", "sector": "Hydro Power", "sharesout": "8,065,750.00", "low_high": "823.90-258.00", "avg_120": "453.45", "yield_year": "53.35%", "eps": "11.59(FY:078-079, Q:2)", "pe": "35.59", "book_value": "106.97", "pbv": "3.86", "dividend": "0.53(FY:077-078)", "bonus": "10.00(FY:077-078)", "right": "", "avg": "41,321.00", "market": "3,327,121,875.00"},
{"short": "SMFDB", "cname": "Summit Laghubitta Bittiya Sanstha  Ltd. (SMFDB)", "sector": "Microfinance", "sharesout": "4,940,000.00", "low_high": "1,938.00-1,051.00", "avg_120": "1,241.16", "yield_year": "-30.77%", "eps": "34.45(FY:078-079, Q:2)", "pe": "32.13", "book_value": "139.07", "pbv": "7.96", "dividend": "1.11(FY:075-076)", "bonus": "", "right": "", "avg": "623.00", "market": "5,468,580,000.00"},
{"short": "SMB", "cname": "Support Microfinance Bittiya Sanstha Ltd. (SMB)", "sector": "Microfinance", "sharesout": "858,000.00", "low_high": "2,900.00-1,619.00", "avg_120": "1,896.13", "yield_year": "-23.89%", "eps": "23.09(FY:078-079, Q:2)", "pe": "77.96", "book_value": "147.29", "pbv": "12.22", "dividend": "1.58(FY:077-078)", "bonus": "30.00(FY:077-078)", "right": "1:2(FY:071-072)", "avg": "213.00", "market": "1,544,400,000.00"},
{"short": "SLICL", "cname": "Surya Life Insurance Company Limited (SLICL)", "sector": "Life Insurance", "sharesout": "25,502,820.00", "low_high": "1,091.00-605.20", "avg_120": "735.92", "yield_year": "-11.75%", "eps": "0.00(FY:078-079, Q:2)", "pe": "0.00", "book_value": "127.02", "pbv": "5.80", "dividend": "", "bonus": "", "right": "", "avg": "50,690.00", "market": "18,793,028,058.00"},
{"short": "SMATA", "cname": "Samata Gharelu Laghubitta Bittiya Sanstha Limited (SMATA)", "sector": "Microfinance", "sharesout": "3,427,441.90", "low_high": "2,048.00-550.00", "avg_120": "1,149.40", "yield_year": "58.33%", "eps": "20.73(FY:078-079, Q:2)", "pe": "50.41", "book_value": "142.26", "pbv": "7.35", "dividend": "5.00(FY:077-078)", "bonus": "20.00(FY:077-078)", "right": "", "avg": "641.00", "market": "3,581,676,785.50"},
{"short": "SMFBS", "cname": "Swabhimaan Laghubitta Bittiya Sanstha Ltd (SMFBS)", "sector": "Microfinance", "sharesout": "1,217,821.50", "low_high": "2,865.00-1,670.00", "avg_120": "1,956.18", "yield_year": "-33.58%", "eps": "36.00(FY:078-079, Q:2)", "pe": "48.78", "book_value": "143.87", "pbv": "12.21", "dividend": "1.70(FY:077-078)", "bonus": "32.30(FY:077-078)", "right": "3:1(FY:075-076)", "avg": "268.00", "market": "2,138,616,336.15"},
{"short": "SLBSL", "cname": "Samudayik Laghubitta Bittiya Sanstha Limited (SLBSL)", "sector": "Microfinance", "sharesout": "1,320,000.00", "low_high": "1,785.00-951.60", "avg_120": "1,241.72", "yield_year": "-7.37%", "eps": "39.10(FY:078-079, Q:2)", "pe": "32.46", "book_value": "169.88", "pbv": "7.47", "dividend": "", "bonus": "", "right": "2:1(FY:075-076)", "avg": "447.00", "market": "1,675,080,000.00"},
{"short": "SLI", "cname": "Sanima Life Insurance (SLI)", "sector": "Life Insurance", "sharesout": "20,000,000.00", "low_high": "787.80-309.00", "avg_120": "540.69", "yield_year": "0.00%", "eps": "0.00(FY:078-079, Q:2)", "pe": "0.00", "book_value": "116.62", "pbv": "5.09", "dividend": "", "bonus": "", "right": "", "avg": "30,120.00", "market": "11,880,000,000.00"},
{"short": "SLCF", "cname": "Sanima Large Cap Fund (SLCF)", "sector": "Mutual Fund", "sharesout": "120,000,000.00", "low_high": "11.40-8.65", "avg_120": "9.24", "yield_year": "-10.63%", "eps": "0.00(FY:, Q:0)", "pe": "0.00", "book_value": "0.00", "pbv": "8.91", "dividend": "", "bonus": "", "right": "", "avg": "11,758.00", "market": "1,069,200,000.00"},
{"short": "SKBBL", "cname": "Sana Kisan Bikas Laghubitta Bittiya sanstha Limited. (SKBBL)", "sector": "Microfinance", "sharesout": "15,644,137.30", "low_high": "2,184.00-1,145.00", "avg_120": "1,323.64", "yield_year": "-29.65%", "eps": "41.40(FY:078-079, Q:2)", "pe": "28.65", "book_value": "245.52", "pbv": "4.83", "dividend": "1.32(FY:077-078)", "bonus": "25.00(FY:077-078)", "right": "", "avg": "5,824.00", "market": "18,555,511,251.53"},
{"short": "BBC", "cname": "Bishal Bazar Company Limited (BBC)", "sector": "Tradings", "sharesout": "500,000.00", "low_high": "8,208.00-3,024.00", "avg_120": "4,803.08", "yield_year": "47.57%", "eps": "250.25(FY:077-078, Q:2)", "pe": "16.98", "book_value": "1,685.32", "pbv": "2.52", "dividend": "", "bonus": "", "right": "", "avg": "328.00", "market": "2,125,000,000.00"},
{"short": "BFC", "cname": "Best Finance Company Ltd. (BFC)", "sector": "Finance", "sharesout": "8,289,137.89", "low_high": "630.00-157.00", "avg_120": "474.57", "yield_year": "164.81%", "eps": "33.83(FY:078-079, Q:2)", "pe": "12.68", "book_value": "138.06", "pbv": "3.11", "dividend": "", "bonus": "20.00(FY:067-068)", "right": "", "avg": "16,380.00", "market": "3,556,040,154.81"},
{"short": "SLBBL", "cname": "Swarojgar Laghubitta Bittiya Sanstha Ltd. (SLBBL)", "sector": "Microfinance", "sharesout": "5,140,991.20", "low_high": "1,685.00-890.00", "avg_120": "1,072.04", "yield_year": "-27.25%", "eps": "35.08(FY:078-079, Q:2)", "pe": "29.22", "book_value": "135.70", "pbv": "7.55", "dividend": "", "bonus": "25.00(FY:077-078)", "right": "", "avg": "4,589.00", "market": "5,269,515,980.00"},
{"short": "SIGS2", "cname": "Siddhartha Investment Growth Scheme - 2 (SIGS2)", "sector": "Mutual Fund", "sharesout": "120,000,000.00", "low_high": "16.87-10.15", "avg_120": "11.02", "yield_year": "-11.27%", "eps": "0.00(FY:078-079, Q:7)", "pe": "0.00", "book_value": "0.00", "pbv": "0.00", "dividend": "", "bonus": "", "right": "", "avg": "17,735.00", "market": "1,304,400,000.00"},
{"short": "SIL", "cname": "Siddhartha Insurance Ltd. (SIL)", "sector": "Non-Life Insurance", "sharesout": "12,880,000.00", "low_high": "1,376.00-732.00", "avg_120": "937.38", "yield_year": "-27.37%", "eps": "21.92(FY:078-079, Q:2)", "pe": "41.51", "book_value": "131.56", "pbv": "6.92", "dividend": "", "bonus": "", "right": "", "avg": "33,394.00", "market": "11,720,800,000.00"},
{"short": "SIFC", "cname": "Shree Investment Finance Co. Ltd. (SIFC)", "sector": "Finance", "sharesout": "9,586,750.00", "low_high": "741.00-225.00", "avg_120": "441.43", "yield_year": "81.33%", "eps": "9.64(FY:078-079, Q:2)", "pe": "42.32", "book_value": "134.12", "pbv": "3.04", "dividend": "", "bonus": "", "right": "(FY:10:8.3)", "avg": "9,583.00", "market": "3,911,394,000.00"},
{"short": "SICL", "cname": "Shikhar Insurance Co. Ltd. (SICL)", "sector": "Non-Life Insurance", "sharesout": "22,860,812.00", "low_high": "2,340.00-1,300.00", "avg_120": "1,599.84", "yield_year": "-33.82%", "eps": "21.26(FY:078-079, Q:2)", "pe": "61.76", "book_value": "130.34", "pbv": "10.07", "dividend": "1.46(FY:076-077)", "bonus": "27.76(FY:076-077)", "right": "1:0.3(FY:078-079)", "avg": "7,418.00", "market": "30,016,246,156.00"},
{"short": "SHPC", "cname": "Sanima Mai Hydropower Ltd. (SHPC)", "sector": "Hydro Power", "sharesout": "30,892,510.00", "low_high": "675.00-347.00", "avg_120": "418.93", "yield_year": "8.81%", "eps": "24.05(FY:078-079, Q:2)", "pe": "15.93", "book_value": "124.25", "pbv": "3.08", "dividend": "0.53(FY:077-078)", "bonus": "10.00(FY:077-078)", "right": "", "avg": "55,790.00", "market": "11,831,831,330.00"},
{"short": "SIC", "cname": "Sagarmatha Insurance Co. Ltd. (SIC)", "sector": "Non-Life Insurance", "sharesout": "11,113,570.00", "low_high": "1,890.00-1,008.00", "avg_120": "1,296.84", "yield_year": "-15.57%", "eps": "31.98(FY:078-079, Q:2)", "pe": "44.09", "book_value": "149.88", "pbv": "9.41", "dividend": "1.05(FY:077-078)", "bonus": "20.00(FY:077-078)", "right": "", "avg": "8,054.00", "market": "15,670,133,700.00"},
{"short": "SHIVM", "cname": "SHIVAM CEMENTS LTD (SHIVM)", "sector": "Manufacturing And Processing", "sharesout": "44,000,000.00", "low_high": "1,910.00-1,025.00", "avg_120": "1,331.76", "yield_year": "-26.08%", "eps": "19.42(FY:078-079, Q:2)", "pe": "54.43", "book_value": "203.59", "pbv": "5.19", "dividend": "29.00(FY:077-078)", "bonus": "", "right": "", "avg": "85,936.00", "market": "46,508,000,000.00"},
{"short": "SHL", "cname": "Soaltee Hotel Limited (SHL)", "sector": "Hotels And Tourism", "sharesout": "8,425,797.30", "low_high": "321.00-182.00", "avg_120": "217.27", "yield_year": "12.87%", "eps": "1.16(FY:078-079, Q:2)", "pe": "196.55", "book_value": "17.58", "pbv": "12.97", "dividend": "", "bonus": "", "right": "", "avg": "57,658.00", "market": "1,921,081,784.40"},
{"short": "SHINE", "cname": "Shine Resunga Development Bank Ltd. (SHINE)", "sector": "Development Bank Limited", "sharesout": "37,810,090.14", "low_high": "655.00-260.00", "avg_120": "405.49", "yield_year": "47.37%", "eps": "18.45(FY:078-079, Q:2)", "pe": "21.25", "book_value": "136.33", "pbv": "2.88", "dividend": "0.57(FY:077-078)", "bonus": "10.93(FY:077-078)", "right": "2:1(FY:069-070)", "avg": "42,788.00", "market": "14,821,555,334.88"},
{"short": "SHEL", "cname": "Singati Hydro Energy Limited (SHEL)", "sector": "Hydro Power", "sharesout": "14,500,000.00", "low_high": "650.00-306.00", "avg_120": "442.13", "yield_year": "0.00%", "eps": "2.53(FY:078-079, Q:2)", "pe": "162.85", "book_value": "104.42", "pbv": "3.95", "dividend": "", "bonus": "", "right": "", "avg": "10,030.00", "market": "5,974,000,000.00"},
{"short": "SGI", "cname": "Sanima General Insurance Company Limited (SGI)", "sector": "Non-Life Insurance", "sharesout": "10,000,000.00", "low_high": "900.00-474.00", "avg_120": "597.87", "yield_year": "-17.53%", "eps": "11.62(FY:078-079, Q:2)", "pe": "55.08", "book_value": "111.18", "pbv": "5.76", "dividend": "", "bonus": "", "right": "", "avg": "6,633.00", "market": "6,400,000,000.00"},
{"short": "SFMF", "cname": "Sunrise First Mutual Fund (SFMF)", "sector": "Mutual Fund", "sharesout": "86,000,000.00", "low_high": "20.00-10.21", "avg_120": "11.56", "yield_year": "-9.91%", "eps": "0.00(FY:, Q:0)", "pe": "0.00", "book_value": "0.00", "pbv": "11.64", "dividend": "", "bonus": "", "right": "", "avg": "12,421.00", "market": "1,001,040,000.00"},
{"short": "SDLBSL", "cname": "Sadhana Laghubitta Bittiya Sanstha Limited (SDLBSL)", "sector": "Microfinance", "sharesout": "3,212,255.00", "low_high": "2,079.00-1,026.00", "avg_120": "1,277.72", "yield_year": "-13.89%", "eps": "47.18(FY:078-079, Q:2)", "pe": "26.28", "book_value": "142.62", "pbv": "8.69", "dividend": "1.32(FY:077-078)", "bonus": "25.00(FY:077-078)", "right": "1:1(FY:074-075)", "avg": "1,067.00", "market": "3,983,196,200.00"},
{"short": "SEF", "cname": "Siddhartha Equity Fund (SEF)", "sector": "Mutual Fund", "sharesout": "150,000,000.00", "low_high": "17.04-10.01", "avg_120": "10.80", "yield_year": "-9.08%", "eps": "0.00(FY:078-079, Q:9)", "pe": "0.00", "book_value": "0.00", "pbv": "0.00", "dividend": "11.00(FY:075-076)", "bonus": "", "right": "", "avg": "36,659.00", "market": "1,636,500,000.00"},
{"short": "SFCL", "cname": "Samriddhi Finance Company Limited (SFCL)", "sector": "Finance", "sharesout": "8,189,115.00", "low_high": "720.00-198.00", "avg_120": "405.57", "yield_year": "58.13%", "eps": "1.47(FY:078-079, Q:2)", "pe": "218.37", "book_value": "81.93", "pbv": "3.92", "dividend": "", "bonus": "", "right": "2:1(FY:078-079)", "avg": "8,299.00", "market": "2,628,705,915.00"},
{"short": "SWBBL", "cname": "Swabalamban Laghubitta Bittiya Sanstha Limited (SWBBL)", "sector": "Microfinance", "sharesout": "11,221,700.00", "low_high": "2,090.00-1,097.00", "avg_120": "1,288.53", "yield_year": "-30.84%", "eps": "41.90(FY:078-079, Q:2)", "pe": "29.16", "book_value": "260.44", "pbv": "4.69", "dividend": "6.00(FY:077-078)", "bonus": "19.00(FY:077-078)", "right": "", "avg": "3,132.00", "market": "13,712,917,400.00"},
{"short": "SJCL", "cname": "SANJEN JALAVIDHYUT COMPANY LIMITED (SJCL)", "sector": "Hydro Power", "sharesout": "32,850,000.00", "low_high": "550.00-311.00", "avg_120": "377.62", "yield_year": "2.29%", "eps": "-0.90(FY:078-079, Q:2)", "pe": "-397.78", "book_value": "94.43", "pbv": "3.79", "dividend": "", "bonus": "", "right": "", "avg": "11,753.00", "market": "11,760,300,000.00"},
{"short": "SCB", "cname": "Standard Chartered Bank Limited (SCB)", "sector": "Commercial Banks", "sharesout": "94,294,540.00", "low_high": "640.00-434.00", "avg_120": "477.64", "yield_year": "-24.79%", "eps": "23.05(FY:078-079, Q:2)", "pe": "19.61", "book_value": "180.28", "pbv": "2.51", "dividend": "3.06(FY:077-078)", "bonus": "10.00(FY:077-078)", "right": "", "avg": "10,235.00", "market": "42,621,132,080.00"},
{"short": "SAPDBL", "cname": "Saptakoshi Development Bank Ltd (SAPDBL)", "sector": "Development Bank Limited", "sharesout": "8,343,384.30", "low_high": "540.00-162.00", "avg_120": "344.02", "yield_year": "95.09%", "eps": "-7.81(FY:078-079, Q:2)", "pe": "-40.72", "book_value": "99.86", "pbv": "3.18", "dividend": "5.04(FY:074-075)", "bonus": "3.00(FY:074-075)", "right": "1:1.3(FY:072-073)", "avg": "14,223.00", "market": "2,653,196,207.40"},
{"short": "SAHAS", "cname": "Sahas Urja Limited (SAHAS)", "sector": "Hydro Power", "sharesout": "35,000,000.00", "low_high": "789.40-405.30", "avg_120": "617.79", "yield_year": "0.00%", "eps": "19.67(FY:078-079, Q:2)", "pe": "31.02", "book_value": "149.91", "pbv": "4.07", "dividend": "", "bonus": "", "right": "", "avg": "29,367.00", "market": "21,353,500,000.00"},
{"short": "SAEF", "cname": "Sanima Equity Fund (SAEF)", "sector": "Mutual Fund", "sharesout": "130,000,000.00", "low_high": "20.19-11.99", "avg_120": "13.35", "yield_year": "-3.42%", "eps": "0.00(FY:, Q:0)", "pe": "0.00", "book_value": "0.00", "pbv": "13.57", "dividend": "7.00(FY:076-077)", "bonus": "", "right": "", "avg": "52,016.00", "market": "1,764,100,000.00"},
{"short": "SANIMA", "cname": "Sanima Bank Limited (SANIMA)", "sector": "Commercial Banks", "sharesout": "113,273,773.26", "low_high": "564.90-319.00", "avg_120": "351.60", "yield_year": "-14.57%", "eps": "19.02(FY:078-079, Q:2)", "pe": "16.89", "book_value": "140.02", "pbv": "2.29", "dividend": "0.89(FY:077-078)", "bonus": "17.00(FY:077-078)", "right": "2:1(FY:071-072)", "avg": "56,312.00", "market": "36,383,535,971.11"},
{"short": "RULB", "cname": "Rastra Utthan Laghubitta Sanstha Limited (RULB)", "sector": "Microfinance", "sharesout": "2,600,000.00", "low_high": "1,319.50-502.00", "avg_120": "797.87", "yield_year": "0.00%", "eps": "28.37(FY:078-079, Q:2)", "pe": "46.51", "book_value": "159.57", "pbv": "8.27", "dividend": "", "bonus": "", "right": "", "avg": "75.00", "market": "3,430,700,000.00"},
{"short": "SADBL", "cname": "Shangrila Development Bank Ltd. (SADBL)", "sector": "Development Bank Limited", "sharesout": "30,106,696.60", "low_high": "595.00-204.00", "avg_120": "384.11", "yield_year": "95.05%", "eps": "17.39(FY:078-079, Q:2)", "pe": "22.66", "book_value": "130.97", "pbv": "3.01", "dividend": "0.53(FY:077-078)", "bonus": "10.00(FY:077-078)", "right": "", "avg": "61,761.00", "market": "11,862,038,460.40"},
{"short": "RURU", "cname": "Ru Ru Jalbidhyut Pariyojana Limited (RURU)", "sector": "Hydro Power", "sharesout": "4,484,760.50", "low_high": "1,849.20-356.00", "avg_120": "996.00", "yield_year": "0.00%", "eps": "29.31(FY:078-079, Q:2)", "pe": "33.27", "book_value": "124.92", "pbv": "7.80", "dividend": "0.53(FY:077-078)", "bonus": "10.00(FY:077-078)", "right": "", "avg": "1,576.00", "market": "4,372,641,487.50"},
{"short": "SABSL", "cname": "SABAIKO LAGHUBITTA BITTIYA SANSTHA LIMITED (SABSL)", "sector": "Microfinance", "sharesout": "2,700,000.00", "low_high": "2,306.20-1,041.00", "avg_120": "1,384.60", "yield_year": "-12.48%", "eps": "42.36(FY:078-079, Q:2)", "pe": "30.46", "book_value": "143.74", "pbv": "8.98", "dividend": "1.63(FY:077-078)", "bonus": "31.05(FY:077-078)", "right": "", "avg": "720.00", "market": "3,483,270,000.00"},
{"short": "RMF1", "cname": "RBB Mutual Fund 1 (RMF1)", "sector": "Mutual Fund", "sharesout": "125,000,000.00", "low_high": "10.30-8.55", "avg_120": "9.08", "yield_year": "0.00%", "eps": "0.00(FY:078-079, Q:9)", "pe": "0.00", "book_value": "0.00", "pbv": "0.00", "dividend": "", "bonus": "", "right": "", "avg": "18,762.00", "market": "1,068,750,000.00"},
{"short": "RSDC", "cname": "RSDC Laghubitta Bittiya Sanstha Ltd. (RSDC)", "sector": "Microfinance", "sharesout": "8,051,557.40", "low_high": "1,194.40-584.00", "avg_120": "732.72", "yield_year": "-26.41%", "eps": "12.15(FY:078-079, Q:2)", "pe": "55.72", "book_value": "115.56", "pbv": "5.86", "dividend": "0.53(FY:077-078)", "bonus": "10.00(FY:077-078)", "right": "", "avg": "3,684.00", "market": "5,450,904,359.80"},
{"short": "RLI", "cname": "Reliance Life Insurance Company Limited (RLI)", "sector": "Life Insurance", "sharesout": "21,000,000.00", "low_high": "795.00-423.40", "avg_120": "539.45", "yield_year": "-22.17%", "eps": "0.00(FY:078-079, Q:2)", "pe": "0.00", "book_value": "108.65", "pbv": "5.19", "dividend": "5.26(FY:076-077)", "bonus": "", "right": "", "avg": "26,620.00", "market": "11,833,500,000.00"},
{"short": "RMDC", "cname": "RMDC Laghubitta Bittiya Sanstha Limited (RMDC)", "sector": "Microfinance", "sharesout": "12,410,663.27", "low_high": "1,800.00-994.70", "avg_120": "1,183.68", "yield_year": "-16.34%", "eps": "27.15(FY:078-079, Q:2)", "pe": "37.31", "book_value": "253.16", "pbv": "4.00", "dividend": "", "bonus": "", "right": "", "avg": "4,271.00", "market": "12,573,242,958.84"},
{"short": "RBCLPO", "cname": "Rastriya Beema Company Limited Promoter Share (RBCLPO)", "sector": "Promotor Share", "sharesout": "", "low_high": "20,185.00-11,310.00", "avg_120": "15,400.29", "yield_year": "-2.65%", "eps": "0.00(FY:, Q:0)", "pe": "0.00", "book_value": "0.00", "pbv": "16,500.00", "dividend": "", "bonus": "", "right": "", "avg": "337.00", "market": "0.00"},
{"short": "RLFL", "cname": "Reliance Finance Ltd. (RLFL)", "sector": "Finance", "sharesout": "10,530,067.00", "low_high": "814.00-224.00", "avg_120": "478.28", "yield_year": "71.31%", "eps": "4.71(FY:078-079, Q:2)", "pe": "86.20", "book_value": "135.55", "pbv": "3.00", "dividend": "", "bonus": "", "right": "10:4.5(FY:072-073)", "avg": "22,833.00", "market": "4,275,207,202.00"},
{"short": "RHPL", "cname": "RASUWAGADHI HYDROPOWER COMPANY LIMITED (RHPL)", "sector": "Hydro Power", "sharesout": "61,578,900.00", "low_high": "613.00-301.00", "avg_120": "382.52", "yield_year": "-15.37%", "eps": "-0.41(FY:078-079, Q:2)", "pe": "-900.00", "book_value": "96.04", "pbv": "3.84", "dividend": "", "bonus": "", "right": "", "avg": "25,668.00", "market": "22,722,614,100.00"},
{"short": "RBCL", "cname": "Rastriya Beema Company Limited (RBCL)", "sector": "Non-Life Insurance", "sharesout": "2,666,390.00", "low_high": "24,370.00-13,907.00", "avg_120": "17,447.48", "yield_year": "-0.22%", "eps": "145.75(FY:078-079, Q:2)", "pe": "126.86", "book_value": "1,317.25", "pbv": "14.04", "dividend": "6.00(FY:062-063)", "bonus": "114.27(FY:062-063)", "right": "", "avg": "709.00", "market": "49,301,551,100.00"},
{"short": "RADHI", "cname": "Radhi Bidyut Company Ltd (RADHI)", "sector": "Hydro Power", "sharesout": "6,464,046.20", "low_high": "1,340.00-381.00", "avg_120": "631.17", "yield_year": "47.43%", "eps": "9.90(FY:078-079, Q:2)", "pe": "59.72", "book_value": "115.93", "pbv": "5.10", "dividend": "5.00(FY:074-075)", "bonus": "36.50(FY:076-077)", "right": "", "avg": "21,695.00", "market": "3,821,544,113.44"},
{"short": "PSF", "cname": "Prabhu Select Fund (PSF)", "sector": "Mutual Fund", "sharesout": "125,000,000.00", "low_high": "11.22-8.67", "avg_120": "9.13", "yield_year": "0.00%", "eps": "0.00(FY:, Q:0)", "pe": "0.00", "book_value": "0.00", "pbv": "8.98", "dividend": "", "bonus": "", "right": "", "avg": "24,189.00", "market": "1,122,500,000.00"},
{"short": "PROFL", "cname": "Progressive Finance Limited (PROFL)", "sector": "Finance", "sharesout": "8,561,070.00", "low_high": "574.00-157.00", "avg_120": "369.87", "yield_year": "104.38%", "eps": "5.65(FY:078-079, Q:2)", "pe": "57.88", "book_value": "112.80", "pbv": "2.90", "dividend": "", "bonus": "", "right": "1:2.81(FY:074-075)", "avg": "12,569.00", "market": "2,799,469,890.00"},
{"short": "PPCL", "cname": "Panchthar Power Company Limited (PPCL)", "sector": "Hydro Power", "sharesout": "9,625,000.00", "low_high": "642.00-272.00", "avg_120": "476.44", "yield_year": "42.24%", "eps": "30.71(FY:078-079, Q:2)", "pe": "12.83", "book_value": "110.67", "pbv": "3.56", "dividend": "", "bonus": "", "right": "", "avg": "70,681.00", "market": "3,792,250,000.00"},
{"short": "PRVU", "cname": "Prabhu Bank Limited (PRVU)", "sector": "Commercial Banks", "sharesout": "127,087,040.00", "low_high": "525.00-285.00", "avg_120": "317.34", "yield_year": "-35.90%", "eps": "19.86(FY:078-079, Q:2)", "pe": "14.65", "book_value": "143.54", "pbv": "2.03", "dividend": "", "bonus": "", "right": "10:4(FY:072-073)", "avg": "69,860.00", "market": "36,982,328,640.00"},
{"short": "PRIN", "cname": "Prabhu Insurance Ltd. (PRIN)", "sector": "Non-Life Insurance", "sharesout": "12,897,112.20", "low_high": "1,162.00-653.90", "avg_120": "806.98", "yield_year": "-24.41%", "eps": "14.09(FY:078-079, Q:2)", "pe": "51.88", "book_value": "124.99", "pbv": "5.85", "dividend": "", "bonus": "", "right": "", "avg": "11,754.00", "market": "9,427,789,018.20"},
{"short": "SBL", "cname": "Siddhartha Bank Limited (SBL)", "sector": "Commercial Banks", "sharesout": "125,244,268.35", "low_high": "605.00-392.00", "avg_120": "433.79", "yield_year": "-6.56%", "eps": "25.19(FY:078-079, Q:2)", "pe": "15.84", "book_value": "171.25", "pbv": "2.33", "dividend": "0.75(FY:077-078)", "bonus": "14.25(FY:077-078)", "right": "", "avg": "50,079.00", "market": "49,972,463,071.65"},
{"short": "SINDU", "cname": "Sindhu Bikash Bank Ltd (SINDU)", "sector": "Development Bank Limited", "sharesout": "5,574,560.67", "low_high": "618.00-185.00", "avg_120": "386.74", "yield_year": "96.26%", "eps": "12.76(FY:078-079, Q:2)", "pe": "28.76", "book_value": "119.51", "pbv": "3.07", "dividend": "", "bonus": "", "right": "10:8(FY:072-073)", "avg": "9,446.00", "market": "2,045,863,765.89"},
{"short": "PICL", "cname": "Prudential Insurance Co. Ltd. (PICL)", "sector": "Non-Life Insurance", "sharesout": "11,085,470.00", "low_high": "994.00-543.00", "avg_120": "686.26", "yield_year": "-23.63%", "eps": "12.77(FY:078-079, Q:2)", "pe": "53.16", "book_value": "127.25", "pbv": "5.34", "dividend": "", "bonus": "", "right": "", "avg": "23,013.00", "market": "7,525,925,583.00"},
{"short": "PLIC", "cname": "Prime Life Insurance Company Limited (PLIC)", "sector": "Life Insurance", "sharesout": "27,796,160.00", "low_high": "1,133.00-570.00", "avg_120": "718.04", "yield_year": "-14.91%", "eps": "0.00(FY:078-079, Q:2)", "pe": "0.00", "book_value": "117.69", "pbv": "6.31", "dividend": "0.79(FY:076-077)", "bonus": "15.00(FY:076-077)", "right": "", "avg": "17,397.00", "market": "20,646,987,648.00"},
{"short": "PIC", "cname": "Premier Insurance Co. Ltd. (PIC)", "sector": "Non-Life Insurance", "sharesout": "12,276,848.00", "low_high": "1,399.00-800.00", "avg_120": "948.17", "yield_year": "-28.20%", "eps": "25.36(FY:078-079, Q:2)", "pe": "36.24", "book_value": "138.00", "pbv": "6.66", "dividend": "0.75(FY:077-078)", "bonus": "14.25(FY:077-078)", "right": "", "avg": "10,632.00", "market": "11,282,423,312.00"},
{"short": "PFL", "cname": "Pokhara Finance Ltd. (PFL)", "sector": "Finance", "sharesout": "10,409,198.10", "low_high": "920.00-264.00", "avg_120": "516.51", "yield_year": "78.20%", "eps": "5.69(FY:078-079, Q:2)", "pe": "83.30", "book_value": "132.15", "pbv": "3.59", "dividend": "", "bonus": "", "right": "", "avg": "8,307.00", "market": "4,933,959,899.40"},
{"short": "PCBL", "cname": "Prime Commercial Bank Ltd. (PCBL)", "sector": "Commercial Banks", "sharesout": "186,563,228.04", "low_high": "540.00-309.00", "avg_120": "348.70", "yield_year": "-28.76%", "eps": "17.99(FY:078-079, Q:2)", "pe": "17.30", "book_value": "136.91", "pbv": "2.27", "dividend": "0.63(FY:077-078)", "bonus": "16.00(FY:077-078)", "right": "", "avg": "32,493.00", "market": "58,077,132,888.85"},
{"short": "PBLD84", "cname": "10% Prabhu Bank Debenture 2084  (PBLD84)", "sector": "Corporate Debenture", "sharesout": "", "low_high": "1,087.00-950.00", "avg_120": "993.37", "yield_year": "-9.31%", "eps": "0.00(FY:, Q:0)", "pe": "0.00", "book_value": "0.00", "pbv": "955.00", "dividend": "", "bonus": "", "right": "", "avg": "56.00", "market": "0.00"},
{"short": "OHL", "cname": "Oriental Hotels Limited (OHL)", "sector": "Hotels And Tourism", "sharesout": "11,280,904.30", "low_high": "761.00-398.00", "avg_120": "487.00", "yield_year": "3.88%", "eps": "-14.19(FY:078-079, Q:2)", "pe": "-34.70", "book_value": "172.34", "pbv": "2.86", "dividend": "10.79(FY:075-076)", "bonus": "5.00(FY:075-076)", "right": "", "avg": "8,513.00", "market": "5,554,717,277.32"},
{"short": "NYADI", "cname": "Nyadi Hydropower Limited (NYADI)", "sector": "Hydro Power", "sharesout": "15,000,000.00", "low_high": "566.00-282.30", "avg_120": "453.81", "yield_year": "0.00%", "eps": "-2.38(FY:078-079, Q:2)", "pe": "-189.54", "book_value": "92.21", "pbv": "4.89", "dividend": "", "bonus": "", "right": "", "avg": "11,164.00", "market": "6,766,500,000.00"},
{"short": "NTC", "cname": "Nepal Doorsanchar Comapany Limited (NTC)", "sector": "Others", "sharesout": "180,000,000.00", "low_high": "1,799.90-972.00", "avg_120": "1,461.68", "yield_year": "-4.80%", "eps": "43.31(FY:078-079, Q:2)", "pe": "27.01", "book_value": "536.57", "pbv": "2.18", "dividend": "20.00(FY:077-078)", "bonus": "20.00(FY:077-078)", "right": "", "avg": "80,280.00", "market": "210,600,000,000.00"},
{"short": "NUBL", "cname": "Nirdhan Utthan Laghubitta Bittiya Sanstha Limited (NUBL)", "sector": "Microfinance", "sharesout": "21,950,250.00", "low_high": "1,919.00-1,085.00", "avg_120": "1,259.11", "yield_year": "-35.61%", "eps": "45.01(FY:078-079, Q:2)", "pe": "24.75", "book_value": "196.20", "pbv": "5.68", "dividend": "1.55(FY:077-078)", "bonus": "29.50(FY:077-078)", "right": "", "avg": "5,723.00", "market": "24,452,578,500.00"},
{"short": "NRN", "cname": "NRN Infrastructure and Development Limited (NRN)", "sector": "Investment", "sharesout": "12,232,117.00", "low_high": "990.00-450.00", "avg_120": "666.90", "yield_year": "40.43%", "eps": "2.59(FY:078-079, Q:2)", "pe": "252.12", "book_value": "103.51", "pbv": "6.31", "dividend": "", "bonus": "", "right": "", "avg": "28,823.00", "market": "7,987,572,401.00"},
{"short": "NSLB", "cname": "Naya Sarathi Nepal Laghubitta Bittiya Sanstha Limited (NSLB)", "sector": "Microfinance", "sharesout": "2,549,540.00", "low_high": "1,987.90-1,026.10", "avg_120": "1,335.80", "yield_year": "0.00%", "eps": "36.33(FY:078-079, Q:2)", "pe": "36.33", "book_value": "208.86", "pbv": "6.32", "dividend": "", "bonus": "", "right": "15.71(FY:074-075)", "avg": "1,215.00", "market": "3,365,392,800.00"},
{"short": "NRIC", "cname": "Nepal Re-Insurance Company Limited (NRIC)", "sector": "Others", "sharesout": "116,500,000.00", "low_high": "2,010.00-1,050.10", "avg_120": "1,204.53", "yield_year": "-20.93%", "eps": "10.04(FY:077-078, Q:4)", "pe": "112.15", "book_value": "128.77", "pbv": "8.74", "dividend": "", "bonus": "", "right": "", "avg": "32,804.00", "market": "131,179,000,000.00"},
{"short": "NMFBS", "cname": "National Microfinance Laghubitta Bittiya Sanstha Ltd. (NMFBS)", "sector": "Microfinance", "sharesout": "5,866,750.00", "low_high": "4,080.00-2,271.00", "avg_120": "2,740.03", "yield_year": "-26.77%", "eps": "83.90(FY:078-079, Q:2)", "pe": "27.58", "book_value": "201.28", "pbv": "11.50", "dividend": "5.00(FY:077-078)", "bonus": "40.00(FY:077-078)", "right": "", "avg": "1,677.00", "market": "13,575,659,500.00"},
{"short": "NMBMF", "cname": "NMB Laghubitta Bittiya Sanstha Ltd. (NMBMF)", "sector": "Microfinance", "sharesout": "6,558,630.00", "low_high": "1,661.00-904.10", "avg_120": "1,080.38", "yield_year": "-34.14%", "eps": "22.13(FY:078-079, Q:2)", "pe": "42.02", "book_value": "147.78", "pbv": "6.29", "dividend": "1.13(FY:077-078)", "bonus": "21.50(FY:077-078)", "right": "", "avg": "2,416.00", "market": "6,099,525,900.00"},
{"short": "NMBHF1", "cname": "NMB Hybrid Fund L-1 (NMBHF1)", "sector": "Mutual Fund", "sharesout": "100,000,000.00", "low_high": "16.25-10.54", "avg_120": "11.62", "yield_year": "1.63%", "eps": "0.00(FY:, Q:0)", "pe": "0.00", "book_value": "0.00", "pbv": "11.86", "dividend": "8.00(FY:076-077)", "bonus": "", "right": "", "avg": "10,240.00", "market": "1,186,000,000.00"},
{"short": "NMB50", "cname": "NMB 50 (NMB50)", "sector": "Mutual Fund", "sharesout": "125,000,000.00", "low_high": "18.47-10.72", "avg_120": "12.48", "yield_year": "2.02%", "eps": "0.00(FY:076-077, Q:7)", "pe": "0.00", "book_value": "0.00", "pbv": "0.00", "dividend": "5.00(FY:076-077)", "bonus": "", "right": "", "avg": "23,677.00", "market": "1,575,000,000.00"},
{"short": "NLICL", "cname": "National Life Insurance Co. Ltd. (NLICL)", "sector": "Life Insurance", "sharesout": "40,351,581.48", "low_high": "1,346.00-770.10", "avg_120": "976.04", "yield_year": "-29.66%", "eps": "0.00(FY:078-079, Q:2)", "pe": "0.00", "book_value": "125.09", "pbv": "6.64", "dividend": "", "bonus": "", "right": "", "avg": "27,502.00", "market": "33,491,812,628.40"},
{"short": "NLIC", "cname": "Nepal Life Insurance Co. Ltd. (NLIC)", "sector": "Life Insurance", "sharesout": "82,079,665.50", "low_high": "2,259.00-1,014.00", "avg_120": "1,413.24", "yield_year": "-52.66%", "eps": "0.00(FY:078-079, Q:2)", "pe": "0.00", "book_value": "121.35", "pbv": "8.50", "dividend": "", "bonus": "", "right": "", "avg": "76,937.00", "market": "84,624,135,130.50"},
{"short": "NMB", "cname": "NMB Bank Limited (NMB)", "sector": "Commercial Banks", "sharesout": "183,667,060.00", "low_high": "517.00-300.00", "avg_120": "339.32", "yield_year": "-28.97%", "eps": "18.64(FY:078-079, Q:2)", "pe": "16.31", "book_value": "136.80", "pbv": "2.22", "dividend": "3.30(FY:077-078)", "bonus": "12.50(FY:077-078)", "right": "", "avg": "37,233.00", "market": "55,834,786,240.00"},
{"short": "NLG", "cname": "NLG Insurance Company Ltd. (NLG)", "sector": "Non-Life Insurance", "sharesout": "13,266,143.00", "low_high": "1,422.00-710.00", "avg_120": "870.51", "yield_year": "-27.04%", "eps": "15.52(FY:078-079, Q:2)", "pe": "54.25", "book_value": "127.59", "pbv": "6.60", "dividend": "", "bonus": "", "right": "", "avg": "13,156.00", "market": "11,170,092,406.00"},
{"short": "NLBBL", "cname": "Nerude Laghubita Bittiya Sanstha Limited (NLBBL)", "sector": "Microfinance", "sharesout": "6,000,000.00", "low_high": "1,885.00-901.80", "avg_120": "1,133.21", "yield_year": "-39.23%", "eps": "43.87(FY:078-079, Q:2)", "pe": "23.27", "book_value": "205.57", "pbv": "4.97", "dividend": "1.13(FY:077-078)", "bonus": "21.49(FY:077-078)", "right": "", "avg": "3,293.00", "market": "6,126,000,000.00"},
{"short": "NIFRA", "cname": "Nepal Infrastructure Bank Limited (NIFRA)", "sector": "Investment", "sharesout": "216,000,000.00", "low_high": "623.00-268.50", "avg_120": "338.45", "yield_year": "-44.10%", "eps": "4.10(FY:078-079, Q:2)", "pe": "80.85", "book_value": "113.17", "pbv": "2.93", "dividend": "0.42(FY:077-078)", "bonus": "8.00(FY:077-078)", "right": "", "avg": "138,042.00", "market": "71,604,000,000.00"},
{"short": "NIL", "cname": "Neco Insurance Co. Ltd. (NIL)", "sector": "Non-Life Insurance", "sharesout": "17,498,791.00", "low_high": "1,792.00-950.00", "avg_120": "1,149.45", "yield_year": "-40.12%", "eps": "17.17(FY:078-079, Q:2)", "pe": "58.24", "book_value": "130.61", "pbv": "7.66", "dividend": "", "bonus": "", "right": "2:1(FY:073-074)", "avg": "13,953.00", "market": "17,498,791,000.00"},
{"short": "NICSF", "cname": "NIC Asia Select - 30 (Index Fund) (NICSF)", "sector": "Mutual Fund", "sharesout": "125,000,000.00", "low_high": "10.10-8.45", "avg_120": "9.05", "yield_year": "0.00%", "eps": "0.00(FY:078-079, Q:9)", "pe": "0.00", "book_value": "0.00", "pbv": "0.00", "dividend": "", "bonus": "", "right": "", "avg": "14,219.00", "market": "1,118,750,000.00"},
{"short": "NICLBSL", "cname": "NIC Asia Laghubitta Biitiya Sanstha Limited (NICLBSL)", "sector": "Microfinance", "sharesout": "17,394,400.00", "low_high": "2,037.00-834.00", "avg_120": "1,126.81", "yield_year": "30.82%", "eps": "40.80(FY:078-079, Q:2)", "pe": "25.49", "book_value": "168.45", "pbv": "6.17", "dividend": "5.42(FY:077-078)", "bonus": "", "right": "", "avg": "4,948.00", "market": "18,090,176,000.00"},
{"short": "NICGF", "cname": "NIC Asia Growth Fund (NICGF)", "sector": "Mutual Fund", "sharesout": "83,520,000.00", "low_high": "18.12-10.43", "avg_120": "11.76", "yield_year": "-3.73%", "eps": "0.00(FY:078-079, Q:8)", "pe": "0.00", "book_value": "0.00", "pbv": "0.00", "dividend": "", "bonus": "", "right": "", "avg": "21,874.00", "market": "990,547,200.00"},
{"short": "NICD83/84", "cname": "10.25% NIC Asia Debenture 2083/84 (NICD83/84)", "sector": "Corporate Debenture", "sharesout": "", "low_high": "1,123.00-980.00", "avg_120": "1,000.98", "yield_year": "-7.55%", "eps": "0.00(FY:, Q:0)", "pe": "0.00", "book_value": "0.00", "pbv": "980.00", "dividend": "", "bonus": "", "right": "", "avg": "100.00", "market": "0.00"},
{"short": "NICL", "cname": "Nepal Insurance Co. Ltd. (NICL)", "sector": "Non-Life Insurance", "sharesout": "12,423,390.00", "low_high": "1,294.00-640.00", "avg_120": "819.75", "yield_year": "0.48%", "eps": "16.71(FY:078-079, Q:2)", "pe": "50.15", "book_value": "136.48", "pbv": "6.14", "dividend": "0.58(FY:077-078)", "bonus": "11.00(FY:077-078)", "right": "", "avg": "21,358.00", "market": "10,410,800,820.00"},
{"short": "NICBF", "cname": "NIC Asia Balanced Fund (NICBF)", "sector": "Mutual Fund", "sharesout": "75,500,000.00", "low_high": "17.00-9.92", "avg_120": "10.91", "yield_year": "-7.49%", "eps": "0.00(FY:078-079, Q:9)", "pe": "0.00", "book_value": "0.00", "pbv": "0.00", "dividend": "", "bonus": "", "right": "", "avg": "28,437.00", "market": "820,685,000.00"},
{"short": "NIBSF2", "cname": "NIBL Samriddhi Fund 2 (NIBSF2)", "sector": "Mutual Fund", "sharesout": "150,000,000.00", "low_high": "11.53-8.56", "avg_120": "9.19", "yield_year": "0.00%", "eps": "0.00(FY:, Q:0)", "pe": "0.00", "book_value": "0.00", "pbv": "8.83", "dividend": "", "bonus": "", "right": "", "avg": "11,064.00", "market": "1,324,500,000.00"},
{"short": "NIBLPF", "cname": "NIBL Pragati Fund (NIBLPF)", "sector": "Mutual Fund", "sharesout": "75,000,000.00", "low_high": "20.68-9.30", "avg_120": "10.53", "yield_year": "-16.80%", "eps": "0.00(FY:, Q:0)", "pe": "0.00", "book_value": "0.00", "pbv": "10.60", "dividend": "", "bonus": "", "right": "", "avg": "28,085.00", "market": "795,000,000.00"},
{"short": "NHPC", "cname": "National Hydro Power Company Limited (NHPC)", "sector": "Hydro Power", "sharesout": "16,426,512.40", "low_high": "530.90-143.00", "avg_120": "369.49", "yield_year": "83.85%", "eps": "1.04(FY:078-079, Q:2)", "pe": "284.62", "book_value": "115.88", "pbv": "2.55", "dividend": "", "bonus": "", "right": "", "avg": "103,182.00", "market": "4,862,247,670.40"},
{"short": "NICA", "cname": "NIC Asia Bank Ltd. (NICA)", "sector": "Commercial Banks", "sharesout": "115,640,053.66", "low_high": "1,085.00-701.00", "avg_120": "801.54", "yield_year": "-15.39%", "eps": "41.54(FY:078-079, Q:2)", "pe": "18.39", "book_value": "199.89", "pbv": "3.82", "dividend": "1.00(FY:076-077)", "bonus": "19.00(FY:076-077)", "right": "", "avg": "68,266.00", "market": "88,349,000,996.24"},
{"short": "NHDL", "cname": "Nepal Hydro Developers Ltd. (NHDL)", "sector": "Hydro Power", "sharesout": "3,199,300.00", "low_high": "840.00-296.00", "avg_120": "484.08", "yield_year": "61.59%", "eps": "14.48(FY:078-079, Q:2)", "pe": "33.70", "book_value": "107.28", "pbv": "4.55", "dividend": "", "bonus": "", "right": "", "avg": "17,862.00", "market": "1,561,258,400.00"},
{"short": "NESDO", "cname": "NESDO Sambridha Laghubitta Bittiye Sanstha Limited (NESDO)", "sector": "Microfinance", "sharesout": "2,550,000.00", "low_high": "1,055.70-747.70", "avg_120": "920.35", "yield_year": "0.00%", "eps": "84.22(FY:078-079, Q:2)", "pe": "12.54", "book_value": "311.91", "pbv": "3.38", "dividend": "", "bonus": "", "right": "", "avg": "105.00", "market": "2,692,035,000.00"},
{"short": "NFS", "cname": "Nepal Finance Ltd. (NFS)", "sector": "Finance", "sharesout": "4,934,960.00", "low_high": "806.00-288.00", "avg_120": "626.24", "yield_year": "99.02%", "eps": "13.49(FY:078-079, Q:2)", "pe": "45.29", "book_value": "142.35", "pbv": "4.29", "dividend": "1.16(FY:067-068)", "bonus": "22.00(FY:067-068)", "right": "1:1.25(FY:076-077)", "avg": "23,882.00", "market": "3,015,260,560.00"},
{"short": "NGPL", "cname": "Ngadi Group Power Ltd. (NGPL)", "sector": "Hydro Power", "sharesout": "7,069,324.00", "low_high": "1,397.00-229.00", "avg_120": "653.24", "yield_year": "167.09%", "eps": "10.58(FY:078-079, Q:2)", "pe": "59.07", "book_value": "106.33", "pbv": "5.88", "dividend": "1.05(FY:077-078)", "bonus": "20.00(FY:077-078)", "right": "30(FY:076-077)", "avg": "43,115.00", "market": "4,418,327,500.00"},
{"short": "NEF", "cname": "Nabil Equity Fund (NEF)", "sector": "Mutual Fund", "sharesout": "125,000,000.00", "low_high": "17.49-9.83", "avg_120": "10.79", "yield_year": "-10.87%", "eps": "0.00(FY:, Q:0)", "pe": "0.00", "book_value": "0.00", "pbv": "10.91", "dividend": "", "bonus": "", "right": "", "avg": "20,457.00", "market": "1,363,750,000.00"},
{"short": "NBLD85", "cname": "Nabil Debenture 2085 (NBLD85)", "sector": "Corporate Debenture", "sharesout": "3,000,000.00", "low_high": "1,000.00-820.00", "avg_120": "878.33", "yield_year": "0.00%", "eps": "0.00(FY:, Q:0)", "pe": "0.00", "book_value": "0.00", "pbv": "849.70", "dividend": "", "bonus": "", "right": "", "avg": "105.00", "market": "2,549,100,000.00"},
{"short": "NBLD82", "cname": "10% Nabil Debenture 2082 (NBLD82)", "sector": "Corporate Debenture", "sharesout": "", "low_high": "1,106.00-932.20", "avg_120": "985.91", "yield_year": "0.00%", "eps": "0.00(FY:, Q:0)", "pe": "0.00", "book_value": "0.00", "pbv": "950.00", "dividend": "", "bonus": "", "right": "", "avg": "75.00", "market": "0.00"},
{"short": "NCCB", "cname": "Nepal Credit And Commercial Bank Limited (NCCB)", "sector": "Commercial Banks", "sharesout": "111,396,780.10", "low_high": "407.00-240.00", "avg_120": "268.40", "yield_year": "-23.44%", "eps": "16.17(FY:078-079, Q:2)", "pe": "15.15", "book_value": "138.41", "pbv": "1.77", "dividend": "", "bonus": "", "right": "2:1(FY:072-073)", "avg": "36,562.00", "market": "27,292,211,124.50"},
{"short": "NBF3", "cname": "nabil Balanced Fund-3 (NBF3)", "sector": "Mutual Fund", "sharesout": "125,000,000.00", "low_high": "10.08-8.85", "avg_120": "9.46", "yield_year": "0.00%", "eps": "0.00(FY:, Q:0)", "pe": "0.00", "book_value": "0.00", "pbv": "9.00", "dividend": "", "bonus": "", "right": "", "avg": "24,979.00", "market": "1,125,000,000.00"},
{"short": "NBF2", "cname": "NABIL BALANCED FUND-2 (NBF2)", "sector": "Mutual Fund", "sharesout": "112,000,000.00", "low_high": "17.00-10.00", "avg_120": "10.85", "yield_year": "-4.59%", "eps": "0.00(FY:, Q:0)", "pe": "0.00", "book_value": "0.00", "pbv": "10.81", "dividend": "35.00(FY:077-078)", "bonus": "", "right": "", "avg": "24,168.00", "market": "1,210,720,000.00"},
{"short": "NBL", "cname": "Nepal Bank Limited (NBL)", "sector": "Commercial Banks", "sharesout": "144,059,048.31", "low_high": "575.00-317.00", "avg_120": "357.34", "yield_year": "-26.64%", "eps": "19.67(FY:078-079, Q:2)", "pe": "16.52", "book_value": "238.12", "pbv": "1.36", "dividend": "3.00(FY:077-078)", "bonus": "14.00(FY:077-078)", "right": "100:23.74(FY:072-073)", "avg": "112,924.00", "market": "46,819,190,700.75"},
{"short": "NABIL", "cname": "Nabil Bank Limited (NABIL)", "sector": "Commercial Banks", "sharesout": "184,961,870.00", "low_high": "1,740.00-985.90", "avg_120": "1,180.78", "yield_year": "-22.57%", "eps": "23.59(FY:078-079, Q:2)", "pe": "42.48", "book_value": "184.28", "pbv": "5.44", "dividend": "4.40(FY:077-078)", "bonus": "33.60(FY:077-078)", "right": "", "avg": "45,014.00", "market": "185,331,793,740.00"},
{"short": "PMHPL", "cname": "Panchakanya Mai Hydropower Ltd (PMHPL)", "sector": "Hydro Power", "sharesout": "11,000,000.00", "low_high": "484.00-170.00", "avg_120": "345.40", "yield_year": "68.51%", "eps": "13.94(FY:078-079, Q:2)", "pe": "21.88", "book_value": "88.95", "pbv": "3.43", "dividend": "", "bonus": "", "right": "", "avg": "9,029.00", "market": "3,355,000,000.00"},
{"short": "SBI", "cname": "Nepal SBI Bank Limited (SBI)", "sector": "Commercial Banks", "sharesout": "98,258,531.20", "low_high": "453.90-331.30", "avg_120": "368.31", "yield_year": "-16.83%", "eps": "15.93(FY:078-079, Q:2)", "pe": "21.41", "book_value": "166.74", "pbv": "2.05", "dividend": "1.81(FY:077-078)", "bonus": "3.50(FY:077-078)", "right": "", "avg": "9,144.00", "market": "33,506,159,139.20"},
{"short": "BARUN", "cname": "Barun Hydropower Co. Ltd. (BARUN)", "sector": "Hydro Power", "sharesout": "2,679,075.00", "low_high": "763.40-225.00", "avg_120": "498.45", "yield_year": "86.35%", "eps": "15.26(FY:078-079, Q:2)", "pe": "30.41", "book_value": "109.50", "pbv": "4.24", "dividend": "0.26(FY:076-077)", "bonus": "5.00(FY:076-077)", "right": "1:1(FY:076-077)", "avg": "19,982.00", "market": "1,243,090,800.00"},
{"short": "MNBBL", "cname": "Muktinath Bikas Bank Ltd. (MNBBL)", "sector": "Development Bank Limited", "sharesout": "56,571,808.57", "low_high": "850.00-403.00", "avg_120": "522.25", "yield_year": "21.29%", "eps": "21.30(FY:078-079, Q:2)", "pe": "23.00", "book_value": "130.45", "pbv": "3.76", "dividend": "0.93(FY:077-078)", "bonus": "17.58(FY:077-078)", "right": "", "avg": "33,518.00", "market": "27,720,186,199.30"},
{"short": "NABBC", "cname": "Narayani Development Bank Limited (NABBC)", "sector": "Development Bank Limited", "sharesout": "1,312,338.00", "low_high": "1,251.10-442.00", "avg_120": "563.46", "yield_year": "-13.58%", "eps": "-9.14(FY:078-079, Q:2)", "pe": "-51.53", "book_value": "61.35", "pbv": "7.68", "dividend": "", "bonus": "", "right": "", "avg": "4,755.00", "market": "618,111,198.00"},
{"short": "MPFL", "cname": "Multipurpose Finance Company Limited (MPFL)", "sector": "Finance", "sharesout": "4,520,000.00", "low_high": "696.00-183.00", "avg_120": "420.64", "yield_year": "97.30%", "eps": "2.05(FY:078-079, Q:2)", "pe": "178.05", "book_value": "120.31", "pbv": "3.03", "dividend": "", "bonus": "", "right": "1:8.65(FY:074-075)", "avg": "7,105.00", "market": "1,649,800,000.00"},
{"short": "MSLB", "cname": "Mahuli Laghubitta Bittiya Sanstha Ltd. (MSLB)", "sector": "Microfinance", "sharesout": "2,821,694.40", "low_high": "2,496.00-1,350.00", "avg_120": "1,579.51", "yield_year": "-39.35%", "eps": "39.44(FY:078-079, Q:2)", "pe": "35.00", "book_value": "186.87", "pbv": "7.39", "dividend": "1.05(FY:076-077)", "bonus": "", "right": "", "avg": "352.00", "market": "3,894,784,780.32"},
{"short": "MLBS", "cname": "Manushi Laghubitta Bittiya Sanstha Limited (MLBS)", "sector": "Microfinance", "sharesout": "1,093,750.00", "low_high": "2,189.10-397.50", "avg_120": "1,432.14", "yield_year": "0.00%", "eps": "27.67(FY:078-079, Q:2)", "pe": "48.07", "book_value": "143.99", "pbv": "9.24", "dividend": "", "bonus": "", "right": "", "avg": "662.00", "market": "1,454,796,875.00"},
{"short": "MKLB", "cname": "Manakamana Smart Laghubitta Bittiya Sanstha Limited (MKLB)", "sector": "Microfinance", "sharesout": "1,417,455.00", "low_high": "2,310.00-296.70", "avg_120": "1,408.57", "yield_year": "0.00%", "eps": "14.66(FY:078-079, Q:2)", "pe": "83.50", "book_value": "119.86", "pbv": "10.21", "dividend": "", "bonus": "17.00(FY:077-078)", "right": "", "avg": "599.00", "market": "1,735,106,665.50"},
{"short": "MLBL", "cname": "Mahalaxmi Bikas Bank Ltd. (MLBL)", "sector": "Development Bank Limited", "sharesout": "40,108,832.80", "low_high": "883.00-271.00", "avg_120": "510.38", "yield_year": "62.21%", "eps": "22.75(FY:078-079, Q:2)", "pe": "19.39", "book_value": "165.33", "pbv": "2.67", "dividend": "", "bonus": "", "right": "", "avg": "40,947.00", "market": "17,696,017,031.36"},
{"short": "MKJC", "cname": "Mailung Khola Jal Vidhyut Company  Limited (MKJC)", "sector": "Hydro Power", "sharesout": "3,681,430.00", "low_high": "733.90-186.50", "avg_120": "569.28", "yield_year": "0.00%", "eps": "4.53(FY:078-079, Q:2)", "pe": "136.87", "book_value": "103.28", "pbv": "6.00", "dividend": "", "bonus": "", "right": "", "avg": "9,062.00", "market": "2,282,486,600.00"},
{"short": "MHNL", "cname": "Mountain Hydro Nepal Limited (MHNL)", "sector": "Hydro Power", "sharesout": "12,500,000.00", "low_high": "720.00-246.00", "avg_120": "454.17", "yield_year": "53.03%", "eps": "23.01(FY:078-079, Q:2)", "pe": "17.56", "book_value": "100.26", "pbv": "4.03", "dividend": "", "bonus": "", "right": "", "avg": "20,225.00", "market": "5,050,000,000.00"},
{"short": "MFIL", "cname": "Manjushree Finance Ltd. (MFIL)", "sector": "Finance", "sharesout": "13,515,530.00", "low_high": "1,456.00-477.00", "avg_120": "759.11", "yield_year": "15.98%", "eps": "11.16(FY:078-079, Q:2)", "pe": "50.72", "book_value": "131.27", "pbv": "4.31", "dividend": "", "bonus": "", "right": "", "avg": "20,333.00", "market": "7,649,789,980.00"},
{"short": "MERO", "cname": "Meromicrofinance Laghubitta Bittiya Sanstha Ltd. (MERO)", "sector": "Microfinance", "sharesout": "12,000,000.00", "low_high": "1,989.00-878.10", "avg_120": "1,100.27", "yield_year": "-30.84%", "eps": "44.43(FY:078-079, Q:2)", "pe": "22.71", "book_value": "154.09", "pbv": "6.55", "dividend": "1.05(FY:077-078)", "bonus": "20.00(FY:077-078)", "right": "", "avg": "4,899.00", "market": "12,108,000,000.00"},
{"short": "MEN", "cname": "Mountain Energy Nepal Limited (MEN)", "sector": "Hydro Power", "sharesout": "19,680,270.00", "low_high": "1,530.00-676.00", "avg_120": "1,126.81", "yield_year": "58.04%", "eps": "43.32(FY:078-079, Q:2)", "pe": "25.14", "book_value": "142.25", "pbv": "7.65", "dividend": "", "bonus": "", "right": "", "avg": "2,290.00", "market": "21,429,846,003.00"},
{"short": "MEGA", "cname": "Mega Bank Nepal Ltd. (MEGA)", "sector": "Commercial Banks", "sharesout": "161,204,614.53", "low_high": "405.00-250.00", "avg_120": "278.19", "yield_year": "-17.32%", "eps": "17.37(FY:078-079, Q:2)", "pe": "14.57", "book_value": "133.06", "pbv": "1.90", "dividend": "2.07(FY:077-078)", "bonus": "10.00(FY:077-078)", "right": "10:6.5(FY:072-073)", "avg": "42,683.00", "market": "40,784,767,476.09"},
{"short": "MDB", "cname": "Miteri Development Bank Limited (MDB)", "sector": "Development Bank Limited", "sharesout": "9,034,280.70", "low_high": "873.20-332.00", "avg_120": "518.06", "yield_year": "39.97%", "eps": "15.06(FY:078-079, Q:2)", "pe": "31.41", "book_value": "134.92", "pbv": "3.51", "dividend": "", "bonus": "", "right": "2:1(FY:071-072)", "avg": "15,007.00", "market": "4,274,118,199.17"},
{"short": "MBJC", "cname": "Madhya Bhotekoshi Jalavidyut Company Limited (MBJC)", "sector": "Hydro Power", "sharesout": "60,000,000.00", "low_high": "505.00-100.00", "avg_120": "377.51", "yield_year": "0.00%", "eps": "-0.26(FY:078-079, Q:2)", "pe": "-1,426.92", "book_value": "95.32", "pbv": "3.89", "dividend": "", "bonus": "", "right": "", "avg": "25,740.00", "market": "22,260,000,000.00"},
{"short": "LLBS", "cname": "Laxmi Laghubitta Bittiya Sanstha Ltd. (LLBS)", "sector": "Microfinance", "sharesout": "3,840,540.00", "low_high": "2,574.00-1,205.00", "avg_120": "1,463.69", "yield_year": "-29.06%", "eps": "48.14(FY:078-079, Q:2)", "pe": "29.10", "book_value": "195.56", "pbv": "7.16", "dividend": "7.37(FY:077-078)", "bonus": "20.00(FY:077-078)", "right": "", "avg": "940.00", "market": "5,380,596,540.00"},
{"short": "LUK", "cname": "Laxmi unnati Kosh (LUK)", "sector": "Mutual Fund", "sharesout": "65,262,360.00", "low_high": "16.00-9.31", "avg_120": "10.06", "yield_year": "0.99%", "eps": "0.00(FY:078-079, Q:11)", "pe": "0.00", "book_value": "0.00", "pbv": "0.00", "dividend": "", "bonus": "", "right": "", "avg": "12,448.00", "market": "666,981,319.20"},
{"short": "MBL", "cname": "Machhapuchchhre Bank Limited (MBL)", "sector": "Commercial Banks", "sharesout": "102,571,555.81", "low_high": "455.00-279.00", "avg_120": "311.68", "yield_year": "-6.52%", "eps": "19.71(FY:078-079, Q:2)", "pe": "14.46", "book_value": "134.51", "pbv": "2.12", "dividend": "0.70(FY:077-078)", "bonus": "13.30(FY:077-078)", "right": "10:1.2(FY:072-073)", "avg": "41,665.00", "market": "29,243,150,561.43"},
{"short": "LICN", "cname": "Life Insurance Co. Nepal (LICN)", "sector": "Life Insurance", "sharesout": "22,110,000.00", "low_high": "2,755.00-1,700.00", "avg_120": "2,025.91", "yield_year": "-8.77%", "eps": "0.00(FY:078-079, Q:2)", "pe": "0.00", "book_value": "155.86", "pbv": "13.29", "dividend": "", "bonus": "", "right": "", "avg": "18,060.00", "market": "45,789,810,000.00"},
{"short": "LEC", "cname": "Liberty Energy Company Limited (LEC)", "sector": "Hydro Power", "sharesout": "15,000,000.00", "low_high": "530.00-282.50", "avg_120": "363.10", "yield_year": "21.21%", "eps": "-1.86(FY:078-079, Q:2)", "pe": "-193.55", "book_value": "89.01", "pbv": "4.04", "dividend": "", "bonus": "", "right": "", "avg": "16,740.00", "market": "5,400,000,000.00"},
{"short": "LEMF", "cname": "Laxmi Equity Fund (LEMF)", "sector": "Mutual Fund", "sharesout": "125,000,000.00", "low_high": "19.34-9.16", "avg_120": "10.28", "yield_year": "-6.01%", "eps": "0.00(FY:078-079, Q:9)", "pe": "0.00", "book_value": "0.00", "pbv": "0.00", "dividend": "4.25(FY:076-077)", "bonus": "", "right": "", "avg": "30,602.00", "market": "1,291,250,000.00"},
{"short": "LGIL", "cname": "Lumbini General Insurance Co. Ltd. (LGIL)", "sector": "Non-Life Insurance", "sharesout": "11,989,000.00", "low_high": "975.00-566.50", "avg_120": "716.06", "yield_year": "-12.50%", "eps": "17.32(FY:078-079, Q:2)", "pe": "41.63", "book_value": "126.31", "pbv": "5.71", "dividend": "", "bonus": "", "right": "", "avg": "16,528.00", "market": "8,644,069,000.00"},
{"short": "LBL", "cname": "Laxmi Bank Limited (LBL)", "sector": "Commercial Banks", "sharesout": "115,513,450.00", "low_high": "447.00-245.00", "avg_120": "282.65", "yield_year": "-10.17%", "eps": "14.15(FY:078-079, Q:2)", "pe": "18.73", "book_value": "146.24", "pbv": "1.81", "dividend": "3.50(FY:077-078)", "bonus": "8.00(FY:077-078)", "right": "", "avg": "21,010.00", "market": "30,611,064,250.00"},
{"short": "KRBL", "cname": "Karnali Development Bank Limited (KRBL)", "sector": "Development Bank Limited", "sharesout": "5,028,300.00", "low_high": "607.00-168.00", "avg_120": "411.49", "yield_year": "132.35%", "eps": "-6.52(FY:078-079, Q:2)", "pe": "-60.58", "book_value": "118.86", "pbv": "3.32", "dividend": "5.00(FY:072-073)", "bonus": "8.00(FY:072-073)", "right": "1:2.25(FY:073-074)", "avg": "8,884.00", "market": "1,986,178,500.00"},
{"short": "LBBL", "cname": "Lumbini Bikas Bank Ltd. (LBBL)", "sector": "Development Bank Limited", "sharesout": "32,842,925.11", "low_high": "774.00-252.00", "avg_120": "494.10", "yield_year": "82.54%", "eps": "21.42(FY:078-079, Q:2)", "pe": "21.48", "book_value": "168.68", "pbv": "2.73", "dividend": "0.68(FY:077-078)", "bonus": "13.00(FY:077-078)", "right": "10:1(FY:073-074)", "avg": "48,310.00", "market": "15,107,745,550.60"},
{"short": "KSBBL", "cname": "Kamana Sewa Bikas Bank Limited (KSBBL)", "sector": "Development Bank Limited", "sharesout": "31,425,770.22", "low_high": "866.90-322.00", "avg_120": "495.78", "yield_year": "44.48%", "eps": "21.87(FY:078-079, Q:2)", "pe": "21.54", "book_value": "133.02", "pbv": "3.54", "dividend": "0.97(FY:077-078)", "bonus": "18.50(FY:077-078)", "right": "", "avg": "33,052.00", "market": "14,801,537,773.62"},
{"short": "KPCL", "cname": "Kalika power Company Ltd (KPCL)", "sector": "Hydro Power", "sharesout": "6,900,000.00", "low_high": "878.90-278.00", "avg_120": "517.36", "yield_year": "69.58%", "eps": "18.21(FY:078-079, Q:2)", "pe": "26.63", "book_value": "129.88", "pbv": "3.73", "dividend": "0.79(FY:077-078)", "bonus": "15.00(FY:077-078)", "right": "", "avg": "5,978.00", "market": "3,346,500,000.00"},
{"short": "KLBSL", "cname": "Kisan Lagubitta Bittiya Sanstha Limited (KLBSL)", "sector": "Microfinance", "sharesout": "3,928,087.80", "low_high": "2,042.00-1,072.00", "avg_120": "1,470.74", "yield_year": "-14.15%", "eps": "23.04(FY:078-079, Q:2)", "pe": "62.93", "book_value": "194.53", "pbv": "7.45", "dividend": "", "bonus": "25.00(FY:077-078)", "right": "", "avg": "1,344.00", "market": "5,695,727,310.00"},
{"short": "KMCDB", "cname": "Kalika Laghubitta Bittiya Sanstha Limited (KMCDB)", "sector": "Microfinance", "sharesout": "3,128,754.10", "low_high": "1,715.00-1,015.00", "avg_120": "1,260.24", "yield_year": "-7.19%", "eps": "53.76(FY:078-079, Q:2)", "pe": "24.00", "book_value": "170.54", "pbv": "7.56", "dividend": "0.63(FY:075-076)", "bonus": "13.00(FY:077-078)", "right": "", "avg": "3,849.00", "market": "4,036,092,789.00"},
{"short": "KKHC", "cname": "Khanikhola Hydropower Co. Ltd. (KKHC)", "sector": "Hydro Power", "sharesout": "4,657,143.00", "low_high": "556.20-121.00", "avg_120": "308.92", "yield_year": "131.71%", "eps": "11.94(FY:078-079, Q:2)", "pe": "23.87", "book_value": "93.57", "pbv": "3.05", "dividend": "", "bonus": "", "right": "", "avg": "10,802.00", "market": "1,327,285,755.00"},
{"short": "KBL", "cname": "Kumari Bank Limited (KBL)", "sector": "Commercial Banks", "sharesout": "147,111,833.26", "low_high": "413.00-223.00", "avg_120": "250.08", "yield_year": "-25.40%", "eps": "12.94(FY:078-079, Q:2)", "pe": "17.81", "book_value": "130.85", "pbv": "1.76", "dividend": "2.67(FY:077-078)", "bonus": "6.00(FY:077-078)", "right": "", "avg": "48,780.00", "market": "33,909,277,566.43"},
{"short": "KEF", "cname": "Kumari Equity Fund (KEF)", "sector": "Mutual Fund", "sharesout": "100,000,000.00", "low_high": "11.65-8.67", "avg_120": "9.19", "yield_year": "0.00%", "eps": "0.00(FY:, Q:0)", "pe": "0.00", "book_value": "0.00", "pbv": "9.15", "dividend": "5.00(FY:077-078)", "bonus": "", "right": "", "avg": "14,133.00", "market": "915,000,000.00"},
{"short": "JSLBB", "cname": "Janautthan Samudayic Laghubitta Bittiya Sanstha Limited (JSLBB)", "sector": "Microfinance", "sharesout": "1,479,060.00", "low_high": "5,500.00-2,061.10", "avg_120": "2,452.98", "yield_year": "-50.60%", "eps": "56.74(FY:078-079, Q:2)", "pe": "39.04", "book_value": "196.14", "pbv": "11.29", "dividend": "", "bonus": "", "right": "", "avg": "480.00", "market": "3,276,117,900.00"},
{"short": "JOSHI", "cname": "Joshi Hydropower Development Company Ltd (JOSHI)", "sector": "Hydro Power", "sharesout": "3,714,000.00", "low_high": "507.00-126.00", "avg_120": "319.92", "yield_year": "115.38%", "eps": "-0.96(FY:077-078, Q:4)", "pe": "-291.67", "book_value": "84.57", "pbv": "3.31", "dividend": "", "bonus": "", "right": "", "avg": "26,976.00", "market": "1,039,920,000.00"},
{"short": "JLI", "cname": "Jyoti Life Insurance Company Limited (JLI)", "sector": "Life Insurance", "sharesout": "24,200,000.00", "low_high": "998.00-360.00", "avg_120": "619.98", "yield_year": "0.00%", "eps": "0.00(FY:078-079, Q:2)", "pe": "0.00", "book_value": "130.12", "pbv": "4.93", "dividend": "", "bonus": "", "right": "", "avg": "17,180.00", "market": "15,512,200,000.00"},
{"short": "JFL", "cname": "Janaki Finance Ltd. (JFL)", "sector": "Finance", "sharesout": "6,904,727.65", "low_high": "836.00-244.00", "avg_120": "581.49", "yield_year": "83.72%", "eps": "10.31(FY:078-079, Q:2)", "pe": "45.97", "book_value": "149.32", "pbv": "3.17", "dividend": "", "bonus": "", "right": "", "avg": "9,044.00", "market": "3,272,840,906.10"},
{"short": "JBLB", "cname": "Jeevan Bikas Laghubitta Bittiya Sanstha Limited (JBLB)", "sector": "Microfinance", "sharesout": "10,342,800.00", "low_high": "5,516.90-890.00", "avg_120": "4,495.78", "yield_year": "0.00%", "eps": "77.67(FY:078-079, Q:2)", "pe": "41.14", "book_value": "266.51", "pbv": "11.99", "dividend": "", "bonus": "", "right": "", "avg": "17,637.00", "market": "33,045,246,000.00"},
{"short": "ILBS", "cname": "Infinity Laghubitta Bittiya Sanstha Limited (ILBS)", "sector": "Microfinance", "sharesout": "4,145,132.80", "low_high": "2,140.00-1,138.10", "avg_120": "1,386.55", "yield_year": "-27.06%", "eps": "39.93(FY:078-079, Q:2)", "pe": "29.05", "book_value": "146.87", "pbv": "7.90", "dividend": "1.46(FY:077-078)", "bonus": "27.70(FY:077-078)", "right": "", "avg": "1,366.00", "market": "4,807,525,021.44"},
{"short": "IGI", "cname": "IME General Insurance Ltd. (IGI)", "sector": "Non-Life Insurance", "sharesout": "16,206,204.00", "low_high": "1,465.00-646.50", "avg_120": "924.83", "yield_year": "-44.17%", "eps": "14.98(FY:078-079, Q:2)", "pe": "44.46", "book_value": "118.77", "pbv": "5.61", "dividend": "", "bonus": "", "right": "10:4(FY:078-079)", "avg": "19,209.00", "market": "10,793,331,864.00"},
{"short": "JALPA", "cname": "Jalpa Samudayik Laghubitta Bittiya Sanstha Limited (JALPA)", "sector": "Microfinance", "sharesout": "1,600,000.00", "low_high": "374.10-318.60", "avg_120": "335.27", "yield_year": "0.00%", "eps": "52.48(FY:077-078, Q:3)", "pe": "7.13", "book_value": "266.49", "pbv": "1.40", "dividend": "", "bonus": "", "right": "", "avg": "21.00", "market": "598,560,000.00"},
{"short": "JBBL", "cname": "Jyoti Bikas Bank Limited (JBBL)", "sector": "Development Bank Limited", "sharesout": "42,677,532.90", "low_high": "649.90-221.00", "avg_120": "428.23", "yield_year": "77.01%", "eps": "16.12(FY:078-079, Q:2)", "pe": "24.60", "book_value": "125.35", "pbv": "3.16", "dividend": "4.50(FY:077-078)", "bonus": "11.00(FY:077-078)", "right": "1:1(FY:072-073)", "avg": "66,003.00", "market": "16,921,641,794.85"},
{"short": "HURJA", "cname": "Himalaya Urja Bikas Company Limited (HURJA)", "sector": "Hydro Power", "sharesout": "9,900,000.00", "low_high": "685.40-319.00", "avg_120": "466.99", "yield_year": "32.84%", "eps": "-0.03(FY:078-079, Q:2)", "pe": "-14,966.67", "book_value": "99.14", "pbv": "4.53", "dividend": "", "bonus": "", "right": "", "avg": "2,702.00", "market": "4,445,100,000.00"},
{"short": "ICFC", "cname": "ICFC Finance Limited (ICFC)", "sector": "Finance", "sharesout": "11,271,152.00", "low_high": "1,176.80-299.00", "avg_120": "672.04", "yield_year": "101.66%", "eps": "16.44(FY:078-079, Q:2)", "pe": "37.04", "book_value": "147.03", "pbv": "4.14", "dividend": "4.00(FY:077-078)", "bonus": "10.00(FY:077-078)", "right": "", "avg": "57,312.00", "market": "6,864,131,568.00"},
{"short": "ICFCD83", "cname": "12% ICFC Finance Limited Debenture 2083 (ICFCD83)", "sector": "Corporate Debenture", "sharesout": "200,000.00", "low_high": "1,274.00-1,072.00", "avg_120": "1,113.55", "yield_year": "-5.26%", "eps": "0.00(FY:, Q:0)", "pe": "0.00", "book_value": "0.00", "pbv": "1,099.00", "dividend": "", "bonus": "", "right": "", "avg": "235.00", "market": "219,800,000.00"},
{"short": "HPPL", "cname": "Himalayan Power Partner Ltd. (HPPL)", "sector": "Hydro Power", "sharesout": "10,654,170.00", "low_high": "749.10-365.00", "avg_120": "459.73", "yield_year": "7.63%", "eps": "0.00(FY:078-079, Q:2)", "pe": "0.00", "book_value": "100.00", "pbv": "4.23", "dividend": "", "bonus": "", "right": "", "avg": "10,015.00", "market": "4,506,713,910.00"},
{"short": "HIDCL", "cname": "Hydorelectricity Investment and Development Company Ltd (HIDCL)", "sector": "Investment", "sharesout": "220,000,000.00", "low_high": "606.00-244.10", "avg_120": "299.92", "yield_year": "-39.79%", "eps": "4.12(FY:078-079, Q:2)", "pe": "68.69", "book_value": "112.34", "pbv": "2.52", "dividend": "", "bonus": "", "right": "", "avg": "138,109.00", "market": "62,260,000,000.00"},
{"short": "HDL", "cname": "Himalayan Distillery Limited (HDL)", "sector": "Manufacturing And Processing", "sharesout": "15,184,791.50", "low_high": "7,938.00-3,715.00", "avg_120": "4,755.51", "yield_year": "-10.86%", "eps": "60.95(FY:078-079, Q:2)", "pe": "61.66", "book_value": "148.20", "pbv": "25.36", "dividend": "25.00(FY:077-078)", "bonus": "75.00(FY:077-078)", "right": "", "avg": "17,312.00", "market": "57,064,446,457.00"},
{"short": "HGI", "cname": "Himalayan General Insurance Co. Ltd (HGI)", "sector": "Non-Life Insurance", "sharesout": "11,735,094.11", "low_high": "982.00-557.00", "avg_120": "685.08", "yield_year": "-9.19%", "eps": "8.90(FY:078-079, Q:2)", "pe": "73.26", "book_value": "117.22", "pbv": "5.56", "dividend": "", "bonus": "", "right": "", "avg": "12,185.00", "market": "7,651,281,356.46"},
{"short": "MLBSL", "cname": "Mahila Laghubitta Bittiya Sanstha Limited (MLBSL)", "sector": "Microfinance", "sharesout": "1,475,000.00", "low_high": "5,749.00-695.00", "avg_120": "3,675.48", "yield_year": "437.76%", "eps": "110.97(FY:078-079, Q:2)", "pe": "32.08", "book_value": "257.13", "pbv": "13.85", "dividend": "2.50(FY:077-078)", "bonus": "47.50(FY:077-078)", "right": "", "avg": "1,578.00", "market": "5,251,000,000.00"},
{"short": "GRDBL", "cname": "Green Development Bank Ltd. (GRDBL)", "sector": "Development Bank Limited", "sharesout": "5,190,000.00", "low_high": "537.90-165.00", "avg_120": "353.15", "yield_year": "84.97%", "eps": "0.70(FY:078-079, Q:2)", "pe": "457.14", "book_value": "107.23", "pbv": "2.98", "dividend": "0.20(FY:076-077)", "bonus": "3.80(FY:076-077)", "right": "", "avg": "6,111.00", "market": "1,660,800,000.00"},
{"short": "MMFDB", "cname": "Mirmire Laghubitta Bittiya Sanstha Ltd. (MMFDB)", "sector": "Microfinance", "sharesout": "5,220,853.90", "low_high": "2,095.00-1,175.10", "avg_120": "1,372.09", "yield_year": "-20.75%", "eps": "46.60(FY:078-079, Q:2)", "pe": "27.04", "book_value": "185.89", "pbv": "6.78", "dividend": "", "bonus": "20.00(FY:077-078)", "right": "2:1(FY:074-075)", "avg": "1,781.00", "market": "6,578,275,914.00"},
{"short": "GMFIL", "cname": "Guheshowori Merchant Bank & Finance Co. Ltd. (GMFIL)", "sector": "Finance", "sharesout": "9,504,000.00", "low_high": "773.00-212.00", "avg_120": "447.17", "yield_year": "81.86%", "eps": "6.03(FY:078-079, Q:2)", "pe": "64.84", "book_value": "155.29", "pbv": "2.52", "dividend": "", "bonus": "", "right": "", "avg": "8,390.00", "market": "3,716,064,000.00"},
{"short": "GLH", "cname": "Greenlife Hydropower Limited (GLH)", "sector": "Hydro Power", "sharesout": "17,856,112.10", "low_high": "657.00-339.00", "avg_120": "449.14", "yield_year": "20.79%", "eps": "0.00(FY:078-079, Q:2)", "pe": "0.00", "book_value": "100.00", "pbv": "4.59", "dividend": "", "bonus": "", "right": "", "avg": "6,972.00", "market": "8,195,955,453.90"},
{"short": "GLICL", "cname": "Gurans Life Insurance Company Ltd. (GLICL)", "sector": "Life Insurance", "sharesout": "20,842,500.00", "low_high": "901.00-460.00", "avg_120": "604.08", "yield_year": "-15.34%", "eps": "0.00(FY:078-079, Q:2)", "pe": "0.00", "book_value": "124.03", "pbv": "5.16", "dividend": "0.29(FY:076-077)", "bonus": "5.50(FY:076-077)", "right": "", "avg": "50,506.00", "market": "13,339,200,000.00"},
{"short": "GMFBS", "cname": "Ganapati Microfinance Bittiya Sanstha Ltd (GMFBS)", "sector": "Microfinance", "sharesout": "1,515,545.30", "low_high": "1,972.00-1,127.00", "avg_120": "1,289.54", "yield_year": "-29.75%", "eps": "12.72(FY:078-079, Q:2)", "pe": "90.41", "book_value": "141.68", "pbv": "8.12", "dividend": "1.00(FY:077-078)", "bonus": "19.00(FY:077-078)", "right": "", "avg": "446.00", "market": "1,742,877,095.00"},
{"short": "GBLBS", "cname": "Grameen Bikas Laghubitta Bittiya Sanstha Ltd. (GBLBS)", "sector": "Microfinance", "sharesout": "9,825,000.00", "low_high": "1,437.00-800.00", "avg_120": "953.85", "yield_year": "-18.87%", "eps": "38.68(FY:078-079, Q:2)", "pe": "23.01", "book_value": "222.64", "pbv": "4.00", "dividend": "", "bonus": "", "right": "1:0.5(FY:074-075)", "avg": "6,695.00", "market": "8,744,250,000.00"},
{"short": "GLBSL", "cname": "Gurans Laghubitta Bittiya Sanstha Limited (GLBSL)", "sector": "Microfinance", "sharesout": "975,000.00", "low_high": "2,245.00-1,017.00", "avg_120": "1,303.51", "yield_year": "-14.80%", "eps": "15.16(FY:078-079, Q:2)", "pe": "84.30", "book_value": "128.34", "pbv": "9.96", "dividend": "0.89(FY:077-078)", "bonus": "16.91(FY:077-078)", "right": "", "avg": "507.00", "market": "1,246,050,000.00"},
{"short": "GILB", "cname": "Global IME Laghubitta Bittiya Sanstha Ltd. (GILB)", "sector": "Microfinance", "sharesout": "5,525,893.30", "low_high": "3,191.00-1,390.00", "avg_120": "1,638.80", "yield_year": "-25.40%", "eps": "53.53(FY:078-079, Q:2)", "pe": "29.96", "book_value": "166.13", "pbv": "9.66", "dividend": "1.45(FY:076-077)", "bonus": "28.00(FY:077-078)", "right": "", "avg": "1,084.00", "market": "8,863,532,853.20"},
{"short": "GIMES1", "cname": "Global IME Samunnat Scheme-1 (GIMES1)", "sector": "Mutual Fund", "sharesout": "100,000,000.00", "low_high": "25.09-9.90", "avg_120": "12.05", "yield_year": "-28.35%", "eps": "0.00(FY:078-079, Q:9)", "pe": "0.00", "book_value": "0.00", "pbv": "0.00", "dividend": "100.00(FY:077-078)", "bonus": "", "right": "", "avg": "51,984.00", "market": "1,145,000,000.00"},
{"short": "GBIME", "cname": "Global IME Bank Limited (GBIME)", "sector": "Commercial Banks", "sharesout": "237,957,530.00", "low_high": "510.00-275.00", "avg_120": "324.76", "yield_year": "-28.08%", "eps": "22.39(FY:078-079, Q:2)", "pe": "14.07", "book_value": "144.97", "pbv": "2.17", "dividend": "3.50(FY:077-078)", "bonus": "10.00(FY:077-078)", "right": "", "avg": "95,529.00", "market": "74,956,621,950.00"},
{"short": "GBBL", "cname": "Garima Bikas Bank Limited (GBBL)", "sector": "Development Bank Limited", "sharesout": "45,798,924.10", "low_high": "750.00-317.00", "avg_120": "546.15", "yield_year": "37.81%", "eps": "21.53(FY:078-079, Q:2)", "pe": "20.48", "book_value": "146.68", "pbv": "3.01", "dividend": "0.71(FY:076-077)", "bonus": "", "right": "", "avg": "58,272.00", "market": "20,197,325,528.10"},
{"short": "FOWAD", "cname": "Forward Microfinance Laghubitta Bittiya Sanstha Ltd. (FOWAD)", "sector": "Microfinance", "sharesout": "8,444,506.50", "low_high": "3,311.00-2,000.00", "avg_120": "2,349.96", "yield_year": "-20.50%", "eps": "108.50(FY:078-079, Q:2)", "pe": "20.99", "book_value": "303.57", "pbv": "7.50", "dividend": "", "bonus": "", "right": "", "avg": "3,952.00", "market": "19,228,141,300.50"},
{"short": "FMDBL", "cname": "First Micro Finance Laghubitta Bittiya Sanstha Limited (FMDBL)", "sector": "Microfinance", "sharesout": "9,644,924.00", "low_high": "1,365.00-667.00", "avg_120": "814.74", "yield_year": "-13.25%", "eps": "21.66(FY:078-079, Q:2)", "pe": "35.17", "book_value": "127.37", "pbv": "5.98", "dividend": "4.18(FY:077-078)", "bonus": "10.00(FY:077-078)", "right": "", "avg": "13,249.00", "market": "7,346,538,610.80"},
{"short": "EICPO", "cname": "Everest Insurance Company Limited Promoter Share (EICPO)", "sector": "Promotor Share", "sharesout": "", "low_high": "530.10-325.90", "avg_120": "438.33", "yield_year": "10.25%", "eps": "0.00(FY:, Q:0)", "pe": "0.00", "book_value": "0.00", "pbv": "441.00", "dividend": "", "bonus": "", "right": "", "avg": "2,278.00", "market": "0.00"},
{"short": "ENL", "cname": "Emerging Nepal Limited (ENL)", "sector": "Investment", "sharesout": "5,556,000.00", "low_high": "1,224.80-287.10", "avg_120": "621.47", "yield_year": "0.00%", "eps": "0.00(FY:078-079, Q:2)", "pe": "0.00", "book_value": "100.00", "pbv": "12.25", "dividend": "5.27(FY:075-076)", "bonus": "", "right": "", "avg": "6,813.00", "market": "6,804,988,800.00"},
{"short": "EDBL", "cname": "Excel Development Bank Ltd. (EDBL)", "sector": "Development Bank Limited", "sharesout": "11,517,921.30", "low_high": "1,195.00-433.00", "avg_120": "519.08", "yield_year": "-0.89%", "eps": "8.17(FY:078-079, Q:2)", "pe": "54.47", "book_value": "136.56", "pbv": "3.26", "dividend": "0.63(FY:076-077)", "bonus": "12.00(FY:076-077)", "right": "10:3(FY:078-079)", "avg": "17,007.00", "market": "5,125,474,978.50"},
{"short": "EIC", "cname": "Everest Insurance Co. Ltd. (EIC)", "sector": "Non-Life Insurance", "sharesout": "11,836,040.00", "low_high": "885.00-526.00", "avg_120": "660.73", "yield_year": "-15.46%", "eps": "10.14(FY:078-079, Q:2)", "pe": "63.12", "book_value": "134.93", "pbv": "4.74", "dividend": "0.32(FY:077-078)", "bonus": "6.00(FY:077-078)", "right": "", "avg": "52,019.00", "market": "7,575,065,600.00"},
{"short": "PLI", "cname": "Prabhu Life Insurance Limited (PLI)", "sector": "Life Insurance", "sharesout": "20,000,000.00", "low_high": "863.00-477.00", "avg_120": "582.66", "yield_year": "-26.06%", "eps": "0.00(FY:078-079, Q:2)", "pe": "0.00", "book_value": "121.00", "pbv": "5.11", "dividend": "", "bonus": "", "right": "", "avg": "16,187.00", "market": "12,378,000,000.00"},
{"short": "EBLCP", "cname": "Everest Bank Limited Con. Pref. (EBLCP)", "sector": "Preferred Stock", "sharesout": "", "low_high": "770.00-590.00", "avg_120": "601.98", "yield_year": "-15.61%", "eps": "0.00(FY:, Q:0)", "pe": "0.00", "book_value": "0.00", "pbv": "600.00", "dividend": "", "bonus": "", "right": "", "avg": "11.00", "market": "0.00"},
{"short": "DHPL", "cname": "Dibyashwori Hydropower Ltd. (DHPL)", "sector": "Hydro Power", "sharesout": "2,640,000.00", "low_high": "485.20-113.00", "avg_120": "304.93", "yield_year": "144.92%", "eps": "-1.18(FY:078-079, Q:2)", "pe": "-244.92", "book_value": "21.60", "pbv": "13.38", "dividend": "", "bonus": "", "right": "", "avg": "16,444.00", "market": "762,960,000.00"},
{"short": "MMF1", "cname": "Mega Mutual Fund-1 (MMF1)", "sector": "Mutual Fund", "sharesout": "125,000,000.00", "low_high": "10.28-8.58", "avg_120": "9.06", "yield_year": "0.00%", "eps": "0.00(FY:078-079, Q:8)", "pe": "0.00", "book_value": "0.00", "pbv": "0.00", "dividend": "", "bonus": "", "right": "", "avg": "21,765.00", "market": "1,112,500,000.00"},
{"short": "CZBIL", "cname": "Citizen Bank International Limited (CZBIL)", "sector": "Commercial Banks", "sharesout": "142,009,740.06", "low_high": "444.00-252.90", "avg_120": "281.22", "yield_year": "-14.25%", "eps": "17.45(FY:078-079, Q:2)", "pe": "15.13", "book_value": "138.48", "pbv": "1.91", "dividend": "3.09(FY:077-078)", "bonus": "12.91(FY:077-078)", "right": "10:2.5(FY:072-073)", "avg": "35,418.00", "market": "37,504,772,349.85"},
{"short": "CORBL", "cname": "Corporate Development Bank Limited (CORBL)", "sector": "Development Bank Limited", "sharesout": "7,100,000.00", "low_high": "1,155.00-460.00", "avg_120": "670.11", "yield_year": "-21.38%", "eps": "0.87(FY:078-079, Q:2)", "pe": "587.36", "book_value": "126.67", "pbv": "4.03", "dividend": "", "bonus": "", "right": "(FY:1:1.5)", "avg": "2,633.00", "market": "3,628,100,000.00"},
{"short": "CMF2", "cname": "CITIZENS MUTUAL FUND 2 (CMF2)", "sector": "Mutual Fund", "sharesout": "56,000,000.00", "low_high": "16.87-9.04", "avg_120": "10.09", "yield_year": "-6.67%", "eps": "0.00(FY:076-077, Q:10)", "pe": "0.00", "book_value": "0.00", "pbv": "0.00", "dividend": "10.00(FY:076-077)", "bonus": "", "right": "", "avg": "8,195.00", "market": "579,600,000.00"},
{"short": "CMF1", "cname": "Citizens Mutual Fund -1 (CMF1)", "sector": "Mutual Fund", "sharesout": "82,000,000.00", "low_high": "16.01-9.03", "avg_120": "9.77", "yield_year": "-7.34%", "eps": "0.00(FY:, Q:0)", "pe": "0.00", "book_value": "0.00", "pbv": "9.85", "dividend": "15.00(FY:076-077)", "bonus": "", "right": "", "avg": "16,032.00", "market": "807,700,000.00"},
{"short": "CLBSL", "cname": "Civil Laghubitta Bittiya Sanstha Ltd. (CLBSL)", "sector": "Microfinance", "sharesout": "2,881,240.00", "low_high": "1,811.00-867.00", "avg_120": "1,017.16", "yield_year": "-24.38%", "eps": "26.05(FY:078-079, Q:2)", "pe": "35.12", "book_value": "137.50", "pbv": "6.65", "dividend": "1.00(FY:077-078)", "bonus": "19.00(FY:077-078)", "right": "", "avg": "2,038.00", "market": "2,636,334,600.00"},
{"short": "CIT", "cname": "Citizen Investment Trust (CIT)", "sector": "Investment", "sharesout": "32,700,000.00", "low_high": "4,560.00-2,625.00", "avg_120": "3,185.54", "yield_year": "-27.90%", "eps": "23.82(FY:078-079, Q:2)", "pe": "132.87", "book_value": "138.68", "pbv": "22.82", "dividend": "", "bonus": "", "right": "100:82.84(FY:077-078)", "avg": "9,481.00", "market": "103,495,500,000.00"},
{"short": "CHDC", "cname": "CEDB Hydropower Development Company Limited (CHDC)", "sector": "Investment", "sharesout": "8,394,100.00", "low_high": "1,415.00-416.00", "avg_120": "890.02", "yield_year": "0.00%", "eps": "17.06(FY:078-079, Q:2)", "pe": "48.94", "book_value": "140.30", "pbv": "5.95", "dividend": "", "bonus": "", "right": "100:30(FY:072-073)", "avg": "10,161.00", "market": "7,009,073,500.00"},
{"short": "CHL", "cname": "Chhyangdi Hydropower Ltd. (CHL)", "sector": "Hydro Power", "sharesout": "3,869,775.00", "low_high": "715.00-203.00", "avg_120": "468.37", "yield_year": "97.09%", "eps": "4.40(FY:078-079, Q:2)", "pe": "92.27", "book_value": "104.38", "pbv": "3.89", "dividend": "0.26(FY:076-077)", "bonus": "5.00(FY:076-077)", "right": "10:3(FY:078-079)", "avg": "10,529.00", "market": "1,571,128,650.00"},
{"short": "CHCL", "cname": "Chilime Hydropower Company Limited (CHCL)", "sector": "Hydro Power", "sharesout": "67,517,946.80", "low_high": "785.00-462.00", "avg_120": "508.60", "yield_year": "-19.88%", "eps": "11.89(FY:078-079, Q:2)", "pe": "39.69", "book_value": "148.57", "pbv": "3.18", "dividend": "", "bonus": "", "right": "", "avg": "22,701.00", "market": "31,861,719,094.92"},
{"short": "CCBL", "cname": "Century Commercial Bank Ltd. (CCBL)", "sector": "Commercial Banks", "sharesout": "95,539,090.00", "low_high": "324.00-212.00", "avg_120": "238.25", "yield_year": "-9.80%", "eps": "15.12(FY:078-079, Q:2)", "pe": "14.74", "book_value": "121.19", "pbv": "1.84", "dividend": "", "bonus": "", "right": "", "avg": "35,400.00", "market": "21,286,109,252.00"},
{"short": "CGH", "cname": "Chandragiri Hills Limited (CGH)", "sector": "Hotels And Tourism", "sharesout": "15,340,910.00", "low_high": "2,800.00-1,237.00", "avg_120": "1,391.92", "yield_year": "-37.50%", "eps": "-2.29(FY:078-079, Q:2)", "pe": "-578.60", "book_value": "71.48", "pbv": "18.54", "dividend": "", "bonus": "", "right": "", "avg": "4,121.00", "market": "20,326,705,750.00"},
{"short": "CFCL", "cname": "Central Finance Co. Ltd. (CFCL)", "sector": "Finance", "sharesout": "9,488,754.50", "low_high": "814.90-197.00", "avg_120": "458.82", "yield_year": "103.54%", "eps": "7.38(FY:078-079, Q:2)", "pe": "54.61", "book_value": "137.83", "pbv": "2.92", "dividend": "", "bonus": "", "right": "", "avg": "14,457.00", "market": "3,823,968,063.50"},
{"short": "CBL", "cname": "Civil Bank Ltd (CBL)", "sector": "Commercial Banks", "sharesout": "90,758,440.50", "low_high": "316.00-218.00", "avg_120": "245.24", "yield_year": "-2.61%", "eps": "11.11(FY:078-079, Q:2)", "pe": "20.16", "book_value": "127.99", "pbv": "1.75", "dividend": "", "bonus": "", "right": "10:4(FY:072-073)", "avg": "49,033.00", "market": "20,329,890,672.00"},
{"short": "CBBL", "cname": "Chhimek Laghubitta Bittiya Sanstha Limited (CBBL)", "sector": "Microfinance", "sharesout": "23,241,000.00", "low_high": "2,065.20-1,190.00", "avg_120": "1,333.43", "yield_year": "-27.54%", "eps": "42.89(FY:078-079, Q:2)", "pe": "28.21", "book_value": "203.26", "pbv": "5.95", "dividend": "3.00(FY:077-078)", "bonus": "27.00(FY:077-078)", "right": "", "avg": "6,967.00", "market": "28,121,610,000.00"},
{"short": "BPCL", "cname": "Butwal Power Company Limited (BPCL)", "sector": "Hydro Power", "sharesout": "32,463,270.00", "low_high": "703.00-395.00", "avg_120": "436.19", "yield_year": "-0.74%", "eps": "11.18(FY:078-079, Q:2)", "pe": "35.87", "book_value": "212.43", "pbv": "1.89", "dividend": "", "bonus": "", "right": "", "avg": "14,345.00", "market": "13,017,771,270.00"},
{"short": "EBL", "cname": "Everest Bank Limited (EBL)", "sector": "Commercial Banks", "sharesout": "94,697,400.20", "low_high": "841.00-515.00", "avg_120": "562.47", "yield_year": "-30.86%", "eps": "17.72(FY:078-079, Q:2)", "pe": "29.46", "book_value": "220.14", "pbv": "2.37", "dividend": "4.32(FY:077-078)", "bonus": "6.00(FY:077-078)", "right": "", "avg": "16,021.00", "market": "49,432,042,904.40"},
{"short": "GUFL", "cname": "Gurkhas Finance Ltd. (GUFL)", "sector": "Finance", "sharesout": "8,679,938.00", "low_high": "1,500.00-441.00", "avg_120": "751.43", "yield_year": "22.08%", "eps": "4.46(FY:078-079, Q:2)", "pe": "131.39", "book_value": "164.18", "pbv": "3.57", "dividend": "", "bonus": "7.00(FY:071-072)", "right": "2:1(FY:072-073)", "avg": "30,118.00", "market": "5,086,443,668.00"},
{"short": "DDBL", "cname": "Deprosc Laghubitta Bittiya Sanstha Limited (DDBL)", "sector": "Microfinance", "sharesout": "13,874,983.30", "low_high": "2,000.00-1,019.00", "avg_120": "1,196.23", "yield_year": "-36.75%", "eps": "48.21(FY:078-079, Q:2)", "pe": "23.02", "book_value": "198.20", "pbv": "5.60", "dividend": "1.05(FY:077-078)", "bonus": "20.00(FY:077-078)", "right": "", "avg": "6,244.00", "market": "15,401,231,463.00"},
{"short": "BOKL", "cname": "Bank of Kathmandu Ltd. (BOKL)", "sector": "Commercial Banks", "sharesout": "106,239,940.72", "low_high": "433.20-240.20", "avg_120": "276.93", "yield_year": "-13.16%", "eps": "13.54(FY:078-079, Q:2)", "pe": "19.50", "book_value": "158.50", "pbv": "1.67", "dividend": "4.00(FY:077-078)", "bonus": "10.00(FY:077-078)", "right": "", "avg": "29,859.00", "market": "28,047,344,350.08"},
{"short": "HDHPC", "cname": "Himal Dolakha Hydropower Company Limited (HDHPC)", "sector": "Hydro Power", "sharesout": "16,000,000.00", "low_high": "478.90-128.00", "avg_120": "326.13", "yield_year": "113.81%", "eps": "-1.18(FY:077-078, Q:4)", "pe": "-242.80", "book_value": "83.33", "pbv": "3.44", "dividend": "", "bonus": "", "right": "", "avg": "48,725.00", "market": "4,584,000,000.00"},
{"short": "BNT", "cname": "Bottlers Nepal (Terai) Limited (BNT)", "sector": "Manufacturing And Processing", "sharesout": "1,210,000.00", "low_high": "17,670.00-8,788.00", "avg_120": "14,003.51", "yield_year": "59.34%", "eps": "499.56(FY:078-079, Q:2)", "pe": "29.03", "book_value": "2,485.91", "pbv": "5.83", "dividend": "40.00(FY:075-076)", "bonus": "", "right": "", "avg": "274.00", "market": "17,545,000,000.00"}
]