[
{"short": "ACLBSL", "cname": "Aarambha Chautari Laghubitta Bittiya Sanstha Limited (ACLBSL)", "sector": "Microfinance", "sharesout": "3,671,434.11", "low_high": "1,870.00-932.00", "avg_120": "1,316.24", "yield_year": "-39.19%", "eps": "23.72(FY:078-079, Q:2)", "pe": "41.02", "book_value": "152.04", "pbv": "6.40", "dividend": "", "bonus": "", "right": "", "avg": "1,800.00", "market": "3,572,305,390.98"},
{"short": "CHCL", "cname": "Chilime Hydropower Company Limited (CHCL)", "sector": "Hydro Power", "sharesout": "67,517,946.80", "low_high": "785.00-432.00", "avg_120": "497.08", "yield_year": "-28.35%", "eps": "11.89(FY:078-079, Q:2)", "pe": "38.69", "book_value": "148.57", "pbv": "3.10", "dividend": "", "bonus": "", "right": "", "avg": "21,149.00", "market": "31,058,255,528.00"},
{"short": "CHDC", "cname": "CEDB Hydropower Development Company Limited (CHDC)", "sector": "Investment", "sharesout": "8,394,100.00", "low_high": "1,415.00-416.00", "avg_120": "900.17", "yield_year": "0.00%", "eps": "17.06(FY:078-079, Q:2)", "pe": "47.42", "book_value": "140.30", "pbv": "5.77", "dividend": "", "bonus": "", "right": "100:30(FY:072-073)", "avg": "8,736.00", "market": "6,790,826,900.00"},
{"short": "CGH", "cname": "Chandragiri Hills Limited (CGH)", "sector": "Hotels And Tourism", "sharesout": "15,340,910.00", "low_high": "2,093.00-1,237.00", "avg_120": "1,389.44", "yield_year": "-38.17%", "eps": "-2.29(FY:078-079, Q:2)", "pe": "-576.42", "book_value": "71.48", "pbv": "18.47", "dividend": "", "bonus": "", "right": "", "avg": "3,664.00", "market": "20,250,001,200.00"},
{"short": "CMF2", "cname": "CITIZENS MUTUAL FUND 2 (CMF2)", "sector": "Mutual Fund", "sharesout": "56,000,000.00", "low_high": "16.87-9.04", "avg_120": "10.17", "yield_year": "-14.31%", "eps": "0.00(FY:076-077, Q:10)", "pe": "0.00", "book_value": "0.00", "pbv": "0.00", "dividend": "10.00(FY:076-077)", "bonus": "", "right": "", "avg": "4,643.00", "market": "543,200,000.00"},
{"short": "CHL", "cname": "Chhyangdi Hydropower Ltd. (CHL)", "sector": "Hydro Power", "sharesout": "3,869,775.00", "low_high": "715.00-268.00", "avg_120": "448.27", "yield_year": "23.75%", "eps": "4.40(FY:078-079, Q:2)", "pe": "84.09", "book_value": "104.38", "pbv": "3.54", "dividend": "0.26(FY:076-077)", "bonus": "5.00(FY:076-077)", "right": "10:3(FY:078-079)", "avg": "10,852.00", "market": "1,431,816,750.00"},
{"short": "CFCL", "cname": "Central Finance Co. Ltd. (CFCL)", "sector": "Finance", "sharesout": "9,488,754.50", "low_high": "814.90-214.00", "avg_120": "444.84", "yield_year": "63.76%", "eps": "5.82(FY:078-079, Q:3)", "pe": "64.43", "book_value": "126.46", "pbv": "2.97", "dividend": "", "bonus": "", "right": "", "avg": "15,425.00", "market": "3,558,282,937.50"},
{"short": "CBBL", "cname": "Chhimek Laghubitta Bittiya Sanstha Limited (CBBL)", "sector": "Microfinance", "sharesout": "23,241,000.00", "low_high": "2,065.20-1,045.00", "avg_120": "1,260.24", "yield_year": "-37.71%", "eps": "42.89(FY:078-079, Q:2)", "pe": "25.41", "book_value": "203.26", "pbv": "5.36", "dividend": "3.00(FY:077-078)", "bonus": "27.00(FY:077-078)", "right": "", "avg": "12,470.00", "market": "25,332,690,000.00"},
{"short": "CCBL", "cname": "Century Commercial Bank Ltd. (CCBL)", "sector": "Commercial Banks", "sharesout": "95,539,090.00", "low_high": "324.00-205.00", "avg_120": "237.21", "yield_year": "-10.12%", "eps": "14.17(FY:078-079, Q:3)", "pe": "15.67", "book_value": "124.16", "pbv": "1.79", "dividend": "", "bonus": "", "right": "", "avg": "42,389.00", "market": "21,209,677,980.00"},
{"short": "CBL", "cname": "Civil Bank Ltd (CBL)", "sector": "Commercial Banks", "sharesout": "90,758,440.00", "low_high": "316.00-206.10", "avg_120": "241.44", "yield_year": "-7.53%", "eps": "13.28(FY:078-079, Q:3)", "pe": "16.64", "book_value": "127.52", "pbv": "1.73", "dividend": "", "bonus": "", "right": "10:4(FY:072-073)", "avg": "55,359.00", "market": "20,057,615,240.00"},
{"short": "BPCL", "cname": "Butwal Power Company Limited (BPCL)", "sector": "Hydro Power", "sharesout": "32,463,270.00", "low_high": "703.00-363.00", "avg_120": "421.75", "yield_year": "-8.11%", "eps": "11.18(FY:078-079, Q:2)", "pe": "34.44", "book_value": "212.43", "pbv": "1.81", "dividend": "", "bonus": "", "right": "", "avg": "13,225.00", "market": "12,498,358,950.00"},
{"short": "SFCL", "cname": "Samriddhi Finance Company Limited (SFCL)", "sector": "Finance", "sharesout": "8,189,115.00", "low_high": "720.00-209.00", "avg_120": "360.34", "yield_year": "19.15%", "eps": "0.46(FY:078-079, Q:3)", "pe": "608.70", "book_value": "79.64", "pbv": "3.52", "dividend": "", "bonus": "", "right": "2:1(FY:078-079)", "avg": "7,614.00", "market": "2,292,952,200.00"},
{"short": "WNLB", "cname": "WEAN Nepal Laghubitta Bittiya Sanstha Limited (WNLB)", "sector": "Microfinance", "sharesout": "760,950.00", "low_high": "2,090.00-831.00", "avg_120": "1,428.36", "yield_year": "0.00%", "eps": "4.58(FY:078-079, Q:2)", "pe": "283.41", "book_value": "128.33", "pbv": "10.11", "dividend": "0.50(FY:077-078)", "bonus": "11.00(FY:077-078)", "right": "", "avg": "625.00", "market": "987,713,100.00"},
{"short": "VLBS", "cname": "Vijaya laghubitta Bittiya Sanstha Ltd. (VLBS)", "sector": "Microfinance", "sharesout": "3,200,000.00", "low_high": "2,036.00-1,047.70", "avg_120": "1,280.30", "yield_year": "-36.89%", "eps": "42.79(FY:078-079, Q:2)", "pe": "26.43", "book_value": "160.13", "pbv": "7.06", "dividend": "1.06(FY:077-078)", "bonus": "20.03(FY:077-078)", "right": "1:1(FY:074-075)", "avg": "732.00", "market": "3,619,200,000.00"},
{"short": "USLB", "cname": "Unnati Sahakarya Laghubitta Bittiya Sanstha Limited (USLB)", "sector": "Microfinance", "sharesout": "2,290,193.20", "low_high": "2,635.00-1,289.00", "avg_120": "1,520.97", "yield_year": "-42.59%", "eps": "23.96(FY:078-079, Q:2)", "pe": "57.26", "book_value": "157.38", "pbv": "8.72", "dividend": "", "bonus": "30.00(FY:077-078)", "right": "", "avg": "231.00", "market": "3,142,145,070.40"},
{"short": "UPPER", "cname": "Upper Tamakoshi Hydropower Ltd (UPPER)", "sector": "Hydro Power", "sharesout": "105,900,000.00", "low_high": "962.50-495.90", "avg_120": "640.36", "yield_year": "-35.82%", "eps": "-6.24(FY:078-079, Q:2)", "pe": "-88.14", "book_value": "86.86", "pbv": "6.33", "dividend": "", "bonus": "", "right": "", "avg": "49,585.00", "market": "58,245,000,000.00"},
{"short": "UPCL", "cname": "UNIVERSAL POWER COMPANY LTD (UPCL)", "sector": "Hydro Power", "sharesout": "21,003,500.00", "low_high": "635.00-157.00", "avg_120": "349.98", "yield_year": "49.60%", "eps": "1.97(FY:078-079, Q:2)", "pe": "132.89", "book_value": "107.38", "pbv": "2.44", "dividend": "", "bonus": "", "right": "", "avg": "73,074.00", "market": "5,498,716,300.00"},
{"short": "BOKL", "cname": "Bank of Kathmandu Ltd. (BOKL)", "sector": "Commercial Banks", "sharesout": "106,239,940.70", "low_high": "433.20-236.00", "avg_120": "275.80", "yield_year": "-18.93%", "eps": "10.93(FY:078-079, Q:3)", "pe": "22.92", "book_value": "157.48", "pbv": "1.59", "dividend": "4.00(FY:077-078)", "bonus": "10.00(FY:077-078)", "right": "", "avg": "30,419.00", "market": "26,613,105,145.35"},
{"short": "UNHPL", "cname": "Union Hydropower Limited (UNHPL)", "sector": "Hydro Power", "sharesout": "7,500,000.00", "low_high": "612.00-130.00", "avg_120": "351.55", "yield_year": "99.32%", "eps": "5.27(FY:078-079, Q:2)", "pe": "55.98", "book_value": "92.50", "pbv": "3.19", "dividend": "", "bonus": "", "right": "", "avg": "9,174.00", "market": "2,212,500,000.00"},
{"short": "UMRH", "cname": "United IDI Mardi RB Hydropower Limited. (UMRH)", "sector": "Hydro Power", "sharesout": "4,200,000.00", "low_high": "1,150.00-261.00", "avg_120": "772.24", "yield_year": "209.43%", "eps": "22.73(FY:078-079, Q:2)", "pe": "40.43", "book_value": "111.57", "pbv": "8.24", "dividend": "", "bonus": "", "right": "", "avg": "9,941.00", "market": "3,859,800,000.00"},
{"short": "CMF1", "cname": "Citizens Mutual Fund -1 (CMF1)", "sector": "Mutual Fund", "sharesout": "82,000,000.00", "low_high": "16.01-9.03", "avg_120": "9.80", "yield_year": "-12.68%", "eps": "0.00(FY:, Q:0)", "pe": "0.00", "book_value": "0.00", "pbv": "9.30", "dividend": "15.00(FY:076-077)", "bonus": "", "right": "", "avg": "13,518.00", "market": "762,600,000.00"},
{"short": "UIC", "cname": "United Insurance Co. (Nepal) Ltd. (UIC)", "sector": "Non-Life Insurance", "sharesout": "10,281,600.00", "low_high": "890.00-528.30", "avg_120": "668.40", "yield_year": "-14.74%", "eps": "11.68(FY:078-079, Q:2)", "pe": "50.00", "book_value": "115.37", "pbv": "5.06", "dividend": "", "bonus": "10.00(FY:072-073)", "right": "1:2.4(FY:074-075)", "avg": "17,096.00", "market": "6,004,454,400.00"},
{"short": "TRH", "cname": "Taragaon Regency Hotel Limited (TRH)", "sector": "Hotels And Tourism", "sharesout": "18,866,540.00", "low_high": "468.00-275.00", "avg_120": "368.19", "yield_year": "21.11%", "eps": "-0.13(FY:078-079, Q:2)", "pe": "-2,841.54", "book_value": "112.84", "pbv": "3.27", "dividend": "10.00(FY:076-077)", "bonus": "", "right": "", "avg": "5,676.00", "market": "6,969,299,876.00"},
{"short": "TPC", "cname": "Terhathum Power Company Limited (TPC)", "sector": "Hydro Power", "sharesout": "4,000,000.00", "low_high": "825.00-254.20", "avg_120": "585.97", "yield_year": "0.00%", "eps": "8.59(FY:078-079, Q:2)", "pe": "58.58", "book_value": "79.97", "pbv": "6.29", "dividend": "", "bonus": "", "right": "", "avg": "5,416.00", "market": "2,012,800,000.00"},
{"short": "CORBL", "cname": "Corporate Development Bank Limited (CORBL)", "sector": "Development Bank Limited", "sharesout": "7,100,000.00", "low_high": "1,155.00-429.00", "avg_120": "590.17", "yield_year": "-26.77%", "eps": "1.41(FY:078-079, Q:3)", "pe": "347.45", "book_value": "125.43", "pbv": "3.91", "dividend": "", "bonus": "", "right": "(FY:1:1.5)", "avg": "1,911.00", "market": "3,478,290,000.00"},
{"short": "STC", "cname": "Salt Trading Corporation (STC)", "sector": "Tradings", "sharesout": "2,304,829.00", "low_high": "12,203.00-4,036.00", "avg_120": "5,772.14", "yield_year": "-59.03%", "eps": "11.09(FY:078-079, Q:2)", "pe": "380.52", "book_value": "672.15", "pbv": "6.28", "dividend": "", "bonus": "", "right": "", "avg": "1,363.00", "market": "9,726,378,380.00"},
{"short": "SSHL", "cname": "Shiva Shree Hydropower Limited (SSHL)", "sector": "Hydro Power", "sharesout": "14,764,000.00", "low_high": "533.00-214.00", "avg_120": "348.93", "yield_year": "28.63%", "eps": "-24.43(FY:078-079, Q:2)", "pe": "-12.32", "book_value": "89.03", "pbv": "3.38", "dividend": "", "bonus": "", "right": "", "avg": "26,690.00", "market": "4,443,964,000.00"},
{"short": "SWBBL", "cname": "Swabalamban Laghubitta Bittiya Sanstha Limited (SWBBL)", "sector": "Microfinance", "sharesout": "11,221,700.00", "low_high": "2,090.00-1,097.00", "avg_120": "1,260.35", "yield_year": "-33.89%", "eps": "41.90(FY:078-079, Q:2)", "pe": "28.16", "book_value": "260.44", "pbv": "4.53", "dividend": "6.00(FY:077-078)", "bonus": "19.00(FY:077-078)", "right": "", "avg": "2,651.00", "market": "13,241,606,000.00"},
{"short": "SPC", "cname": "Samling Power Company Limited (SPC)", "sector": "Hydro Power", "sharesout": "5,000,000.00", "low_high": "845.50-296.30", "avg_120": "616.25", "yield_year": "0.00%", "eps": "-23.55(FY:078-079, Q:2)", "pe": "-22.76", "book_value": "116.31", "pbv": "4.61", "dividend": "", "bonus": "", "right": "", "avg": "6,355.00", "market": "2,680,000,000.00"},
{"short": "SRBL", "cname": "Sunrise Bank Limited (SRBL)", "sector": "Commercial Banks", "sharesout": "101,188,928.00", "low_high": "418.20-231.00", "avg_120": "269.71", "yield_year": "-23.32%", "eps": "16.83(FY:078-079, Q:3)", "pe": "14.26", "book_value": "157.10", "pbv": "1.53", "dividend": "0.35(FY:077-078)", "bonus": "6.65(FY:077-078)", "right": "10:3(FY:072-073)", "avg": "18,274.00", "market": "24,285,342,720.00"},
{"short": "SPDL", "cname": "Synergy Power Development Ltd. (SPDL)", "sector": "Hydro Power", "sharesout": "8,065,750.00", "low_high": "823.90-258.00", "avg_120": "449.19", "yield_year": "32.72%", "eps": "11.59(FY:078-079, Q:2)", "pe": "32.86", "book_value": "106.97", "pbv": "3.56", "dividend": "0.53(FY:077-078)", "bonus": "10.00(FY:077-078)", "right": "", "avg": "29,139.00", "market": "3,072,244,175.00"},
{"short": "SMFDB", "cname": "Summit Laghubitta Bittiya Sanstha  Ltd. (SMFDB)", "sector": "Microfinance", "sharesout": "4,940,000.00", "low_high": "1,938.00-970.00", "avg_120": "1,170.76", "yield_year": "-24.81%", "eps": "34.45(FY:078-079, Q:2)", "pe": "32.74", "book_value": "139.07", "pbv": "8.11", "dividend": "1.11(FY:075-076)", "bonus": "", "right": "", "avg": "1,062.00", "market": "5,571,826,000.00"},
{"short": "SMATA", "cname": "Samata Gharelu Laghubitta Bittiya Sanstha Limited (SMATA)", "sector": "Microfinance", "sharesout": "3,427,441.90", "low_high": "2,048.00-550.00", "avg_120": "1,114.23", "yield_year": "52.12%", "eps": "20.73(FY:078-079, Q:2)", "pe": "48.43", "book_value": "142.26", "pbv": "7.06", "dividend": "5.00(FY:077-078)", "bonus": "20.00(FY:077-078)", "right": "", "avg": "575.00", "market": "3,441,151,667.60"},
{"short": "SMB", "cname": "Support Microfinance Bittiya Sanstha Ltd. (SMB)", "sector": "Microfinance", "sharesout": "858,000.00", "low_high": "2,900.00-1,605.00", "avg_120": "1,831.26", "yield_year": "-27.16%", "eps": "23.09(FY:078-079, Q:2)", "pe": "73.62", "book_value": "147.29", "pbv": "11.54", "dividend": "1.58(FY:077-078)", "bonus": "30.00(FY:077-078)", "right": "1:2(FY:071-072)", "avg": "168.00", "market": "1,458,600,000.00"},
{"short": "SLICL", "cname": "Surya Life Insurance Company Limited (SLICL)", "sector": "Life Insurance", "sharesout": "25,502,820.00", "low_high": "1,091.00-600.00", "avg_120": "732.10", "yield_year": "-21.95%", "eps": "0.00(FY:078-079, Q:2)", "pe": "0.00", "book_value": "127.02", "pbv": "5.09", "dividend": "", "bonus": "", "right": "", "avg": "62,118.00", "market": "16,500,324,540.00"},
{"short": "SMFBS", "cname": "Swabhimaan Laghubitta Bittiya Sanstha Ltd (SMFBS)", "sector": "Microfinance", "sharesout": "1,217,821.50", "low_high": "2,865.00-1,575.00", "avg_120": "1,875.46", "yield_year": "-34.56%", "eps": "36.00(FY:078-079, Q:2)", "pe": "46.33", "book_value": "143.87", "pbv": "11.59", "dividend": "1.70(FY:077-078)", "bonus": "32.30(FY:077-078)", "right": "3:1(FY:075-076)", "avg": "367.00", "market": "2,031,326,262.00"},
{"short": "ULI", "cname": "Union Life Insurance Company Limited (ULI)", "sector": "Life Insurance", "sharesout": "21,500,000.00", "low_high": "940.10-342.00", "avg_120": "670.28", "yield_year": "0.00%", "eps": "0.00(FY:078-079, Q:2)", "pe": "0.00", "book_value": "154.13", "pbv": "4.11", "dividend": "", "bonus": "", "right": "", "avg": "40,633.00", "market": "13,609,500,000.00"},
{"short": "UMHL", "cname": "United Modi Hydropower Ltd. (UMHL)", "sector": "Hydro Power", "sharesout": "11,500,000.00", "low_high": "646.60-191.00", "avg_120": "379.73", "yield_year": "43.32%", "eps": "4.31(FY:078-079, Q:2)", "pe": "72.16", "book_value": "108.86", "pbv": "2.86", "dividend": "5.26(FY:076-077)", "bonus": "", "right": "", "avg": "43,858.00", "market": "3,576,500,000.00"},
{"short": "SLCF", "cname": "Sanima Large Cap Fund (SLCF)", "sector": "Mutual Fund", "sharesout": "120,000,000.00", "low_high": "11.40-8.14", "avg_120": "9.11", "yield_year": "-11.79%", "eps": "0.00(FY:, Q:0)", "pe": "0.00", "book_value": "0.00", "pbv": "8.98", "dividend": "", "bonus": "", "right": "", "avg": "8,872.00", "market": "1,077,600,000.00"},
{"short": "SLBSL", "cname": "Samudayik Laghubitta Bittiya Sanstha Limited (SLBSL)", "sector": "Microfinance", "sharesout": "1,320,000.00", "low_high": "1,785.00-951.60", "avg_120": "1,269.87", "yield_year": "-5.82%", "eps": "39.10(FY:078-079, Q:2)", "pe": "33.50", "book_value": "169.88", "pbv": "7.71", "dividend": "", "bonus": "", "right": "2:1(FY:075-076)", "avg": "894.00", "market": "1,729,200,000.00"},
{"short": "CIT", "cname": "Citizen Investment Trust (CIT)", "sector": "Investment", "sharesout": "32,700,000.00", "low_high": "4,560.00-2,625.00", "avg_120": "3,196.51", "yield_year": "-24.11%", "eps": "23.82(FY:078-079, Q:2)", "pe": "123.80", "book_value": "138.68", "pbv": "21.26", "dividend": "", "bonus": "", "right": "100:82.84(FY:077-078)", "avg": "8,615.00", "market": "96,429,030,000.00"},
{"short": "SLI", "cname": "Sanima Life Insurance (SLI)", "sector": "Life Insurance", "sharesout": "20,000,000.00", "low_high": "787.80-309.00", "avg_120": "556.73", "yield_year": "0.00%", "eps": "0.00(FY:078-079, Q:2)", "pe": "0.00", "book_value": "116.62", "pbv": "4.52", "dividend": "0.22(FY:076-077)", "bonus": "4.20(FY:076-077)", "right": "", "avg": "25,352.00", "market": "10,542,000,000.00"},
{"short": "SJCL", "cname": "SANJEN JALAVIDHYUT COMPANY LIMITED (SJCL)", "sector": "Hydro Power", "sharesout": "32,850,000.00", "low_high": "550.00-311.00", "avg_120": "379.44", "yield_year": "-21.48%", "eps": "-0.90(FY:078-079, Q:2)", "pe": "-390.00", "book_value": "94.43", "pbv": "3.72", "dividend": "", "bonus": "", "right": "", "avg": "11,829.00", "market": "11,530,350,000.00"},
{"short": "SINDU", "cname": "Sindhu Bikash Bank Ltd (SINDU)", "sector": "Development Bank Limited", "sharesout": "5,574,560.67", "low_high": "618.00-233.00", "avg_120": "383.93", "yield_year": "19.27%", "eps": "10.36(FY:078-079, Q:3)", "pe": "32.92", "book_value": "115.05", "pbv": "2.96", "dividend": "", "bonus": "", "right": "10:8(FY:072-073)", "avg": "6,542.00", "market": "1,901,482,644.54"},
{"short": "SIL", "cname": "Siddhartha Insurance Ltd. (SIL)", "sector": "Non-Life Insurance", "sharesout": "12,880,000.00", "low_high": "1,376.00-732.00", "avg_120": "940.81", "yield_year": "-35.30%", "eps": "21.92(FY:078-079, Q:2)", "pe": "36.04", "book_value": "131.56", "pbv": "6.00", "dividend": "", "bonus": "", "right": "", "avg": "29,229.00", "market": "10,175,200,000.00"},
{"short": "SIFC", "cname": "Shree Investment Finance Co. Ltd. (SIFC)", "sector": "Finance", "sharesout": "9,586,750.00", "low_high": "741.00-230.00", "avg_120": "433.20", "yield_year": "49.81%", "eps": "9.89(FY:078-079, Q:3)", "pe": "38.93", "book_value": "137.62", "pbv": "2.80", "dividend": "", "bonus": "", "right": "(FY:10:8.3)", "avg": "5,752.00", "market": "3,690,898,750.00"},
{"short": "SIC", "cname": "Sagarmatha Insurance Co. Ltd. (SIC)", "sector": "Non-Life Insurance", "sharesout": "11,113,570.00", "low_high": "1,821.00-1,008.00", "avg_120": "1,332.16", "yield_year": "-19.44%", "eps": "31.98(FY:078-079, Q:2)", "pe": "41.59", "book_value": "149.88", "pbv": "8.87", "dividend": "", "bonus": "", "right": "", "avg": "5,411.00", "market": "14,781,048,100.00"},
{"short": "SICL", "cname": "Shikhar Insurance Co. Ltd. (SICL)", "sector": "Non-Life Insurance", "sharesout": "22,860,812.00", "low_high": "2,340.00-1,108.40", "avg_120": "1,533.28", "yield_year": "-37.38%", "eps": "21.26(FY:078-079, Q:2)", "pe": "54.28", "book_value": "130.34", "pbv": "8.85", "dividend": "1.46(FY:076-077)", "bonus": "27.76(FY:076-077)", "right": "1:0.3(FY:078-079)", "avg": "8,289.00", "market": "26,381,377,048.00"},
{"short": "SHIVM", "cname": "SHIVAM CEMENTS LTD (SHIVM)", "sector": "Manufacturing And Processing", "sharesout": "44,000,000.00", "low_high": "1,910.00-903.20", "avg_120": "1,304.05", "yield_year": "-32.38%", "eps": "19.42(FY:078-079, Q:2)", "pe": "49.58", "book_value": "203.59", "pbv": "4.73", "dividend": "29.00(FY:077-078)", "bonus": "", "right": "", "avg": "49,172.00", "market": "42,367,600,000.00"},
{"short": "SHPC", "cname": "Sanima Mai Hydropower Ltd. (SHPC)", "sector": "Hydro Power", "sharesout": "30,892,510.00", "low_high": "675.00-347.00", "avg_120": "416.14", "yield_year": "0.79%", "eps": "24.05(FY:078-079, Q:2)", "pe": "16.01", "book_value": "124.25", "pbv": "3.10", "dividend": "0.53(FY:077-078)", "bonus": "10.00(FY:077-078)", "right": "", "avg": "31,470.00", "market": "11,893,616,350.00"},
{"short": "SHINE", "cname": "Shine Resunga Development Bank Ltd. (SHINE)", "sector": "Development Bank Limited", "sharesout": "37,810,090.10", "low_high": "655.00-260.00", "avg_120": "405.78", "yield_year": "36.40%", "eps": "17.09(FY:078-079, Q:3)", "pe": "22.59", "book_value": "139.32", "pbv": "2.77", "dividend": "0.57(FY:077-078)", "bonus": "10.93(FY:077-078)", "right": "2:1(FY:069-070)", "avg": "27,148.00", "market": "14,594,694,778.60"},
{"short": "SHL", "cname": "Soaltee Hotel Limited (SHL)", "sector": "Hotels And Tourism", "sharesout": "8,425,797.30", "low_high": "321.00-182.00", "avg_120": "221.13", "yield_year": "17.62%", "eps": "1.16(FY:078-079, Q:2)", "pe": "195.69", "book_value": "17.58", "pbv": "12.91", "dividend": "", "bonus": "", "right": "", "avg": "44,186.00", "market": "1,912,655,987.10"},
{"short": "SGI", "cname": "Sanima General Insurance Company Limited (SGI)", "sector": "Non-Life Insurance", "sharesout": "10,000,000.00", "low_high": "880.00-474.00", "avg_120": "606.99", "yield_year": "-25.90%", "eps": "11.62(FY:078-079, Q:2)", "pe": "47.76", "book_value": "111.18", "pbv": "4.99", "dividend": "", "bonus": "", "right": "", "avg": "6,399.00", "market": "5,550,000,000.00"},
{"short": "SHEL", "cname": "Singati Hydro Energy Limited (SHEL)", "sector": "Hydro Power", "sharesout": "14,500,000.00", "low_high": "650.00-306.00", "avg_120": "439.74", "yield_year": "0.00%", "eps": "2.53(FY:078-079, Q:2)", "pe": "145.57", "book_value": "104.42", "pbv": "3.53", "dividend": "", "bonus": "", "right": "", "avg": "6,060.00", "market": "5,340,350,000.00"},
{"short": "SFMF", "cname": "Sunrise First Mutual Fund (SFMF)", "sector": "Mutual Fund", "sharesout": "86,000,000.00", "low_high": "20.00-10.21", "avg_120": "11.70", "yield_year": "-13.94%", "eps": "0.00(FY:, Q:0)", "pe": "0.00", "book_value": "0.00", "pbv": "11.36", "dividend": "", "bonus": "", "right": "", "avg": "12,515.00", "market": "976,960,000.00"},
{"short": "SDLBSL", "cname": "Sadhana Laghubitta Bittiya Sanstha Limited (SDLBSL)", "sector": "Microfinance", "sharesout": "3,212,255.00", "low_high": "2,079.00-1,026.00", "avg_120": "1,288.99", "yield_year": "-21.47%", "eps": "47.18(FY:078-079, Q:2)", "pe": "26.28", "book_value": "142.62", "pbv": "8.69", "dividend": "1.32(FY:077-078)", "bonus": "25.00(FY:077-078)", "right": "1:1(FY:074-075)", "avg": "977.00", "market": "3,983,196,200.00"},
{"short": "SCB", "cname": "Standard Chartered Bank Limited (SCB)", "sector": "Commercial Banks", "sharesout": "94,294,540.00", "low_high": "640.00-432.00", "avg_120": "476.72", "yield_year": "-24.98%", "eps": "23.03(FY:078-079, Q:3)", "pe": "19.54", "book_value": "185.86", "pbv": "2.42", "dividend": "3.06(FY:077-078)", "bonus": "10.00(FY:077-078)", "right": "", "avg": "9,962.00", "market": "42,441,972,454.00"},
{"short": "SEF", "cname": "Siddhartha Equity Fund (SEF)", "sector": "Mutual Fund", "sharesout": "150,000,000.00", "low_high": "17.04-10.01", "avg_120": "10.87", "yield_year": "-13.01%", "eps": "0.00(FY:078-079, Q:9)", "pe": "0.00", "book_value": "0.00", "pbv": "0.00", "dividend": "11.00(FY:075-076)", "bonus": "", "right": "", "avg": "61,639.00", "market": "1,575,000,000.00"},
{"short": "SBL", "cname": "Siddhartha Bank Limited (SBL)", "sector": "Commercial Banks", "sharesout": "125,244,268.30", "low_high": "605.00-385.00", "avg_120": "425.80", "yield_year": "-4.74%", "eps": "22.23(FY:078-079, Q:3)", "pe": "18.08", "book_value": "172.24", "pbv": "2.33", "dividend": "0.75(FY:077-078)", "bonus": "14.25(FY:077-078)", "right": "", "avg": "46,108.00", "market": "50,348,195,856.60"},
{"short": "SBCF", "cname": "Sunrise Bluechip Fund (SBCF)", "sector": "Mutual Fund", "sharesout": "125,000,000.00", "low_high": "11.29-8.05", "avg_120": "8.84", "yield_year": "0.00%", "eps": "0.00(FY:, Q:0)", "pe": "0.00", "book_value": "0.00", "pbv": "8.42", "dividend": "", "bonus": "", "right": "", "avg": "17,511.00", "market": "1,052,500,000.00"},
{"short": "SBI", "cname": "Nepal SBI Bank Limited (SBI)", "sector": "Commercial Banks", "sharesout": "98,258,531.10", "low_high": "453.90-320.00", "avg_120": "365.80", "yield_year": "-16.10%", "eps": "17.64(FY:078-079, Q:3)", "pe": "19.50", "book_value": "170.27", "pbv": "2.02", "dividend": "1.81(FY:077-078)", "bonus": "3.50(FY:077-078)", "right": "", "avg": "12,567.00", "market": "33,800,934,698.40"},
{"short": "SBBLPO", "cname": "Sanima Bank Limited Promoter Share (SBBLPO)", "sector": "Promotor Share", "sharesout": "", "low_high": "272.50-185.00", "avg_120": "185.00", "yield_year": "2.78%", "eps": "0.00(FY:, Q:0)", "pe": "0.00", "book_value": "0.00", "pbv": "185.00", "dividend": "1.05(FY:071-072)", "bonus": "20.00(FY:071-072)", "right": "", "avg": "1,000,000.00", "market": "0.00"},
{"short": "SAHAS", "cname": "Sahas Urja Limited (SAHAS)", "sector": "Hydro Power", "sharesout": "35,000,000.00", "low_high": "789.40-405.30", "avg_120": "618.72", "yield_year": "0.00%", "eps": "19.67(FY:078-079, Q:2)", "pe": "28.93", "book_value": "149.91", "pbv": "3.80", "dividend": "", "bonus": "", "right": "", "avg": "21,156.00", "market": "19,915,000,000.00"},
{"short": "SANIMA", "cname": "Sanima Bank Limited (SANIMA)", "sector": "Commercial Banks", "sharesout": "113,273,773.20", "low_high": "564.90-306.00", "avg_120": "347.00", "yield_year": "-17.37%", "eps": "18.75(FY:078-079, Q:3)", "pe": "16.75", "book_value": "144.35", "pbv": "2.18", "dividend": "0.89(FY:077-078)", "bonus": "17.00(FY:077-078)", "right": "2:1(FY:071-072)", "avg": "50,109.00", "market": "35,567,964,784.80"},
{"short": "SAEF", "cname": "Sanima Equity Fund (SAEF)", "sector": "Mutual Fund", "sharesout": "130,000,000.00", "low_high": "20.19-11.99", "avg_120": "13.47", "yield_year": "-6.62%", "eps": "0.00(FY:, Q:0)", "pe": "0.00", "book_value": "0.00", "pbv": "13.25", "dividend": "7.00(FY:076-077)", "bonus": "", "right": "", "avg": "47,735.00", "market": "1,722,500,000.00"},
{"short": "SAPDBL", "cname": "Saptakoshi Development Bank Ltd (SAPDBL)", "sector": "Development Bank Limited", "sharesout": "8,343,384.30", "low_high": "540.00-182.00", "avg_120": "339.44", "yield_year": "49.75%", "eps": "-7.81(FY:078-079, Q:2)", "pe": "-38.92", "book_value": "99.86", "pbv": "3.04", "dividend": "5.04(FY:074-075)", "bonus": "3.00(FY:074-075)", "right": "1:1.3(FY:072-073)", "avg": "8,882.00", "market": "2,536,388,827.20"},
{"short": "SABSL", "cname": "SABAIKO LAGHUBITTA BITTIYA SANSTHA LIMITED (SABSL)", "sector": "Microfinance", "sharesout": "2,700,000.00", "low_high": "2,306.20-1,041.00", "avg_120": "1,368.14", "yield_year": "-18.95%", "eps": "42.36(FY:078-079, Q:2)", "pe": "30.69", "book_value": "143.74", "pbv": "9.04", "dividend": "1.63(FY:077-078)", "bonus": "31.05(FY:077-078)", "right": "", "avg": "1,179.00", "market": "3,510,000,000.00"},
{"short": "RURU", "cname": "Ru Ru Jalbidhyut Pariyojana Limited (RURU)", "sector": "Hydro Power", "sharesout": "4,484,760.50", "low_high": "1,849.20-356.00", "avg_120": "1,001.73", "yield_year": "0.00%", "eps": "29.31(FY:078-079, Q:2)", "pe": "31.93", "book_value": "124.92", "pbv": "7.49", "dividend": "0.53(FY:077-078)", "bonus": "10.00(FY:077-078)", "right": "", "avg": "996.00", "market": "4,197,735,828.00"},
{"short": "RULB", "cname": "Rastra Utthan Laghubitta Sanstha Limited (RULB)", "sector": "Microfinance", "sharesout": "2,600,000.00", "low_high": "1,931.70-502.00", "avg_120": "1,097.02", "yield_year": "0.00%", "eps": "28.37(FY:078-079, Q:2)", "pe": "43.78", "book_value": "159.57", "pbv": "7.78", "dividend": "", "bonus": "", "right": "", "avg": "7,822.00", "market": "3,229,200,000.00"},
{"short": "SADBL", "cname": "Shangrila Development Bank Ltd. (SADBL)", "sector": "Development Bank Limited", "sharesout": "30,106,696.60", "low_high": "595.00-218.00", "avg_120": "391.76", "yield_year": "63.95%", "eps": "17.75(FY:078-079, Q:3)", "pe": "21.52", "book_value": "135.18", "pbv": "2.83", "dividend": "0.53(FY:077-078)", "bonus": "10.00(FY:077-078)", "right": "", "avg": "33,821.00", "market": "11,500,758,101.20"},
{"short": "RSDC", "cname": "RSDC Laghubitta Bittiya Sanstha Ltd. (RSDC)", "sector": "Microfinance", "sharesout": "8,051,557.40", "low_high": "1,194.40-584.00", "avg_120": "726.70", "yield_year": "-25.11%", "eps": "15.62(FY:078-079, Q:3)", "pe": "42.19", "book_value": "121.00", "pbv": "5.45", "dividend": "0.53(FY:077-078)", "bonus": "10.00(FY:077-078)", "right": "", "avg": "3,398.00", "market": "5,305,976,326.60"},
{"short": "RMF1", "cname": "RBB Mutual Fund 1 (RMF1)", "sector": "Mutual Fund", "sharesout": "125,000,000.00", "low_high": "10.30-8.23", "avg_120": "8.99", "yield_year": "0.00%", "eps": "0.00(FY:078-079, Q:9)", "pe": "0.00", "book_value": "0.00", "pbv": "0.00", "dividend": "", "bonus": "", "right": "", "avg": "17,329.00", "market": "1,081,250,000.00"},
{"short": "RMDC", "cname": "RMDC Laghubitta Bittiya Sanstha Limited (RMDC)", "sector": "Microfinance", "sharesout": "12,410,663.27", "low_high": "1,800.00-947.00", "avg_120": "1,128.48", "yield_year": "-14.81%", "eps": "27.15(FY:078-079, Q:2)", "pe": "36.87", "book_value": "253.16", "pbv": "3.95", "dividend": "", "bonus": "", "right": "", "avg": "6,014.00", "market": "12,423,073,933.27"},
{"short": "RLI", "cname": "Reliance Life Insurance Company Limited (RLI)", "sector": "Life Insurance", "sharesout": "21,000,000.00", "low_high": "795.00-423.40", "avg_120": "550.00", "yield_year": "-28.05%", "eps": "0.00(FY:078-079, Q:2)", "pe": "0.00", "book_value": "108.65", "pbv": "4.68", "dividend": "5.26(FY:076-077)", "bonus": "", "right": "", "avg": "20,707.00", "market": "10,668,000,000.00"},
{"short": "RHPL", "cname": "RASUWAGADHI HYDROPOWER COMPANY LIMITED (RHPL)", "sector": "Hydro Power", "sharesout": "61,578,900.00", "low_high": "613.00-301.00", "avg_120": "382.89", "yield_year": "-26.40%", "eps": "-0.41(FY:078-079, Q:2)", "pe": "-863.41", "book_value": "96.04", "pbv": "3.69", "dividend": "", "bonus": "", "right": "", "avg": "21,215.00", "market": "21,798,930,600.00"},
{"short": "RLFL", "cname": "Reliance Finance Ltd. (RLFL)", "sector": "Finance", "sharesout": "10,530,060.00", "low_high": "814.00-224.00", "avg_120": "458.24", "yield_year": "28.13%", "eps": "4.85(FY:078-079, Q:3)", "pe": "76.08", "book_value": "121.70", "pbv": "3.03", "dividend": "", "bonus": "", "right": "10:4.5(FY:072-073)", "avg": "21,469.00", "market": "3,885,592,140.00"},
{"short": "RBCL", "cname": "Rastriya Beema Company Limited (RBCL)", "sector": "Non-Life Insurance", "sharesout": "2,666,390.00", "low_high": "24,370.00-13,907.00", "avg_120": "17,675.33", "yield_year": "-7.39%", "eps": "145.75(FY:078-079, Q:2)", "pe": "111.84", "book_value": "1,317.25", "pbv": "12.37", "dividend": "6.00(FY:062-063)", "bonus": "114.27(FY:062-063)", "right": "", "avg": "785.00", "market": "43,462,157,000.00"},
{"short": "RBCLPO", "cname": "Rastriya Beema Company Limited Promoter Share (RBCLPO)", "sector": "Promotor Share", "sharesout": "", "low_high": "20,185.00-11,310.00", "avg_120": "15,990.85", "yield_year": "-9.13%", "eps": "0.00(FY:, Q:0)", "pe": "0.00", "book_value": "0.00", "pbv": "14,357.00", "dividend": "", "bonus": "", "right": "", "avg": "291.00", "market": "0.00"},
{"short": "RADHI", "cname": "Radhi Bidyut Company Ltd (RADHI)", "sector": "Hydro Power", "sharesout": "6,464,046.20", "low_high": "1,340.00-455.00", "avg_120": "629.24", "yield_year": "11.13%", "eps": "9.90(FY:078-079, Q:2)", "pe": "54.44", "book_value": "115.93", "pbv": "4.65", "dividend": "5.00(FY:074-075)", "bonus": "36.50(FY:076-077)", "right": "", "avg": "14,828.00", "market": "3,484,120,901.80"},
{"short": "PSF", "cname": "Prabhu Select Fund (PSF)", "sector": "Mutual Fund", "sharesout": "125,000,000.00", "low_high": "11.22-8.67", "avg_120": "9.12", "yield_year": "0.00%", "eps": "0.00(FY:, Q:0)", "pe": "0.00", "book_value": "0.00", "pbv": "9.18", "dividend": "", "bonus": "", "right": "", "avg": "20,676.00", "market": "1,147,500,000.00"},
{"short": "PROFL", "cname": "Progressive Finance Limited (PROFL)", "sector": "Finance", "sharesout": "8,561,070.00", "low_high": "574.00-168.00", "avg_120": "360.99", "yield_year": "69.35%", "eps": "2.50(FY:078-079, Q:3)", "pe": "126.00", "book_value": "111.24", "pbv": "2.83", "dividend": "", "bonus": "", "right": "1:2.81(FY:074-075)", "avg": "11,234.00", "market": "2,696,737,050.00"},
{"short": "PRIN", "cname": "Prabhu Insurance Ltd. (PRIN)", "sector": "Non-Life Insurance", "sharesout": "12,897,112.20", "low_high": "1,162.00-623.10", "avg_120": "800.96", "yield_year": "-27.13%", "eps": "14.09(FY:078-079, Q:2)", "pe": "48.62", "book_value": "124.99", "pbv": "5.48", "dividend": "", "bonus": "", "right": "", "avg": "11,212.00", "market": "8,834,521,857.00"},
{"short": "SKBBL", "cname": "Sana Kisan Bikas Laghubitta Bittiya sanstha Limited. (SKBBL)", "sector": "Microfinance", "sharesout": "15,644,137.30", "low_high": "2,184.00-1,120.00", "avg_120": "1,270.39", "yield_year": "-29.43%", "eps": "41.40(FY:078-079, Q:2)", "pe": "28.38", "book_value": "245.52", "pbv": "4.79", "dividend": "1.32(FY:077-078)", "bonus": "25.00(FY:077-078)", "right": "", "avg": "4,835.00", "market": "18,381,861,327.50"},
{"short": "PRVU", "cname": "Prabhu Bank Limited (PRVU)", "sector": "Commercial Banks", "sharesout": "127,087,040.00", "low_high": "525.00-259.50", "avg_120": "309.03", "yield_year": "-38.15%", "eps": "18.39(FY:078-079, Q:3)", "pe": "14.90", "book_value": "149.41", "pbv": "1.83", "dividend": "", "bonus": "", "right": "10:4(FY:072-073)", "avg": "51,921.00", "market": "34,821,848,960.00"},
{"short": "PMHPL", "cname": "Panchakanya Mai Hydropower Ltd (PMHPL)", "sector": "Hydro Power", "sharesout": "11,000,000.00", "low_high": "484.00-170.00", "avg_120": "338.04", "yield_year": "52.11%", "eps": "13.94(FY:078-079, Q:2)", "pe": "20.73", "book_value": "88.95", "pbv": "3.25", "dividend": "", "bonus": "", "right": "", "avg": "10,260.00", "market": "3,179,000,000.00"},
{"short": "PLICPO", "cname": "Prime Life Insurance Company Limited Promoter Share (PLICPO)", "sector": "Promotor Share", "sharesout": "", "low_high": "520.00-340.00", "avg_120": "353.33", "yield_year": "7.65%", "eps": "0.00(FY:, Q:0)", "pe": "0.00", "book_value": "0.00", "pbv": "380.00", "dividend": "", "bonus": "13.00(FY:068-069)", "right": "", "avg": "84,932.00", "market": "0.00"},
{"short": "PLI", "cname": "Prabhu Life Insurance Limited (PLI)", "sector": "Life Insurance", "sharesout": "20,000,000.00", "low_high": "861.00-477.00", "avg_120": "591.72", "yield_year": "-29.49%", "eps": "0.00(FY:078-079, Q:2)", "pe": "0.00", "book_value": "121.00", "pbv": "4.55", "dividend": "", "bonus": "", "right": "", "avg": "13,398.00", "market": "11,000,000,000.00"},
{"short": "PLIC", "cname": "Prime Life Insurance Company Limited (PLIC)", "sector": "Life Insurance", "sharesout": "27,796,160.00", "low_high": "1,133.00-570.00", "avg_120": "729.04", "yield_year": "-22.99%", "eps": "0.00(FY:078-079, Q:2)", "pe": "0.00", "book_value": "117.69", "pbv": "5.66", "dividend": "0.79(FY:076-077)", "bonus": "15.00(FY:076-077)", "right": "", "avg": "16,590.00", "market": "18,515,022,176.00"},
{"short": "SIGS2", "cname": "Siddhartha Investment Growth Scheme - 2 (SIGS2)", "sector": "Mutual Fund", "sharesout": "120,000,000.00", "low_high": "16.87-10.15", "avg_120": "11.05", "yield_year": "-12.55%", "eps": "0.00(FY:078-079, Q:7)", "pe": "0.00", "book_value": "0.00", "pbv": "0.00", "dividend": "", "bonus": "", "right": "", "avg": "18,540.00", "market": "1,296,000,000.00"},
{"short": "PICL", "cname": "Prudential Insurance Co. Ltd. (PICL)", "sector": "Non-Life Insurance", "sharesout": "11,861,452.90", "low_high": "980.00-509.00", "avg_120": "687.55", "yield_year": "-33.82%", "eps": "11.94(FY:078-079, Q:2)", "pe": "47.78", "book_value": "125.46", "pbv": "4.55", "dividend": "", "bonus": "", "right": "", "avg": "12,571.00", "market": "6,766,958,879.45"},
{"short": "PIC", "cname": "Premier Insurance Co. Ltd. (PIC)", "sector": "Non-Life Insurance", "sharesout": "12,276,848.00", "low_high": "1,372.00-768.00", "avg_120": "944.69", "yield_year": "-32.30%", "eps": "25.36(FY:078-079, Q:2)", "pe": "32.57", "book_value": "138.00", "pbv": "5.98", "dividend": "0.75(FY:077-078)", "bonus": "14.25(FY:077-078)", "right": "", "avg": "10,740.00", "market": "10,139,448,763.20"},
{"short": "PCBLP", "cname": "Prime Commercial Bank Limited Promoter Share (PCBLP)", "sector": "Promotor Share", "sharesout": "", "low_high": "205.00-169.00", "avg_120": "205.44", "yield_year": "21.30%", "eps": "0.00(FY:, Q:0)", "pe": "0.00", "book_value": "0.00", "pbv": "205.00", "dividend": "0.95(FY:071-072)", "bonus": "18.00(FY:071-072)", "right": "", "avg": "97,837.00", "market": "0.00"},
{"short": "OHL", "cname": "Oriental Hotels Limited (OHL)", "sector": "Hotels And Tourism", "sharesout": "11,280,904.30", "low_high": "761.00-398.00", "avg_120": "494.28", "yield_year": "16.36%", "eps": "-14.19(FY:078-079, Q:2)", "pe": "-36.08", "book_value": "172.34", "pbv": "2.97", "dividend": "10.79(FY:075-076)", "bonus": "5.00(FY:075-076)", "right": "", "avg": "9,677.00", "market": "5,775,823,001.60"},
{"short": "NUBL", "cname": "Nirdhan Utthan Laghubitta Bittiya Sanstha Limited (NUBL)", "sector": "Microfinance", "sharesout": "21,950,250.00", "low_high": "1,895.00-1,050.00", "avg_120": "1,187.91", "yield_year": "-37.95%", "eps": "45.01(FY:078-079, Q:2)", "pe": "24.88", "book_value": "196.20", "pbv": "5.71", "dividend": "1.55(FY:077-078)", "bonus": "29.50(FY:077-078)", "right": "", "avg": "4,496.00", "market": "24,584,280,000.00"},
{"short": "NYADI", "cname": "Nyadi Hydropower Limited (NYADI)", "sector": "Hydro Power", "sharesout": "15,000,000.00", "low_high": "566.00-282.30", "avg_120": "460.63", "yield_year": "0.00%", "eps": "-2.38(FY:078-079, Q:2)", "pe": "-176.39", "book_value": "92.21", "pbv": "4.55", "dividend": "", "bonus": "", "right": "", "avg": "7,816.00", "market": "6,297,000,000.00"},
{"short": "PCBL", "cname": "Prime Commercial Bank Ltd. (PCBL)", "sector": "Commercial Banks", "sharesout": "186,563,228.00", "low_high": "540.00-286.00", "avg_120": "335.31", "yield_year": "-30.48%", "eps": "19.45(FY:078-079, Q:3)", "pe": "15.48", "book_value": "142.62", "pbv": "2.11", "dividend": "0.63(FY:077-078)", "bonus": "16.00(FY:077-078)", "right": "", "avg": "59,101.00", "market": "56,155,531,628.00"},
{"short": "NTC", "cname": "Nepal Doorsanchar Comapany Limited (NTC)", "sector": "Others", "sharesout": "180,000,000.00", "low_high": "1,799.90-972.00", "avg_120": "1,420.65", "yield_year": "-17.89%", "eps": "43.31(FY:078-079, Q:2)", "pe": "24.59", "book_value": "536.57", "pbv": "1.98", "dividend": "20.00(FY:077-078)", "bonus": "20.00(FY:077-078)", "right": "", "avg": "34,837.00", "market": "191,700,000,000.00"},
{"short": "NRN", "cname": "NRN Infrastructure and Development Limited (NRN)", "sector": "Investment", "sharesout": "12,232,117.00", "low_high": "990.00-502.00", "avg_120": "677.68", "yield_year": "-0.34%", "eps": "2.59(FY:078-079, Q:2)", "pe": "226.25", "book_value": "103.51", "pbv": "5.66", "dividend": "", "bonus": "", "right": "", "avg": "15,175.00", "market": "7,168,020,562.00"},
{"short": "NSLB", "cname": "Naya Sarathi Laghubitta Bittiya Sanstha Limited (NSLB)", "sector": "Microfinance", "sharesout": "3,033,952.60", "low_high": "1,987.90-911.00", "avg_120": "1,312.01", "yield_year": "0.00%", "eps": "30.53(FY:078-079, Q:2)", "pe": "31.77", "book_value": "191.48", "pbv": "5.07", "dividend": "", "bonus": "", "right": "15.71(FY:074-075)", "avg": "1,498.00", "market": "2,942,934,022.00"},
{"short": "NRIC", "cname": "Nepal Re-Insurance Company Limited (NRIC)", "sector": "Others", "sharesout": "116,500,000.00", "low_high": "2,010.00-950.00", "avg_120": "1,168.05", "yield_year": "-26.23%", "eps": "8.24(FY:078-079, Q:1)", "pe": "125.61", "book_value": "146.73", "pbv": "7.05", "dividend": "", "bonus": "", "right": "", "avg": "24,820.00", "market": "120,577,500,000.00"},
{"short": "NMBHF1", "cname": "NMB Hybrid Fund L-1 (NMBHF1)", "sector": "Mutual Fund", "sharesout": "100,000,000.00", "low_high": "16.25-10.54", "avg_120": "11.73", "yield_year": "0.70%", "eps": "0.00(FY:, Q:0)", "pe": "0.00", "book_value": "0.00", "pbv": "11.50", "dividend": "8.00(FY:076-077)", "bonus": "", "right": "", "avg": "16,256.00", "market": "1,150,000,000.00"},
{"short": "NMFBS", "cname": "National Microfinance Laghubitta Bittiya Sanstha Ltd. (NMFBS)", "sector": "Microfinance", "sharesout": "5,866,750.00", "low_high": "4,080.00-2,040.00", "avg_120": "2,580.35", "yield_year": "-29.99%", "eps": "83.90(FY:078-079, Q:2)", "pe": "25.88", "book_value": "201.28", "pbv": "10.79", "dividend": "5.00(FY:077-078)", "bonus": "40.00(FY:077-078)", "right": "", "avg": "3,352.00", "market": "12,736,714,250.00"},
{"short": "NMBMF", "cname": "NMB Laghubitta Bittiya Sanstha Ltd. (NMBMF)", "sector": "Microfinance", "sharesout": "6,558,630.00", "low_high": "1,657.00-837.00", "avg_120": "1,020.86", "yield_year": "-38.60%", "eps": "22.13(FY:078-079, Q:2)", "pe": "41.75", "book_value": "147.78", "pbv": "6.25", "dividend": "1.13(FY:077-078)", "bonus": "21.50(FY:077-078)", "right": "", "avg": "1,730.00", "market": "6,060,174,120.00"},
{"short": "NMB50", "cname": "NMB 50 (NMB50)", "sector": "Mutual Fund", "sharesout": "125,000,000.00", "low_high": "18.47-10.72", "avg_120": "12.70", "yield_year": "4.32%", "eps": "0.00(FY:076-077, Q:7)", "pe": "0.00", "book_value": "0.00", "pbv": "0.00", "dividend": "5.00(FY:076-077)", "bonus": "", "right": "", "avg": "33,893.00", "market": "1,631,250,000.00"},
{"short": "NMB", "cname": "NMB Bank Limited (NMB)", "sector": "Commercial Banks", "sharesout": "183,667,060.00", "low_high": "517.00-286.00", "avg_120": "326.32", "yield_year": "-28.76%", "eps": "19.35(FY:078-079, Q:3)", "pe": "15.50", "book_value": "142.21", "pbv": "2.11", "dividend": "3.30(FY:077-078)", "bonus": "12.50(FY:077-078)", "right": "", "avg": "43,066.00", "market": "55,081,751,294.00"},
{"short": "SLBBL", "cname": "Swarojgar Laghubitta Bittiya Sanstha Ltd. (SLBBL)", "sector": "Microfinance", "sharesout": "5,140,991.20", "low_high": "1,685.00-890.00", "avg_120": "1,070.46", "yield_year": "-33.36%", "eps": "35.08(FY:078-079, Q:2)", "pe": "27.45", "book_value": "135.70", "pbv": "7.10", "dividend": "", "bonus": "25.00(FY:077-078)", "right": "", "avg": "4,278.00", "market": "4,950,774,525.60"},
{"short": "NLIC", "cname": "Nepal Life Insurance Co. Ltd. (NLIC)", "sector": "Life Insurance", "sharesout": "82,079,665.50", "low_high": "2,247.00-925.00", "avg_120": "1,341.36", "yield_year": "-53.43%", "eps": "0.00(FY:078-079, Q:2)", "pe": "0.00", "book_value": "121.35", "pbv": "7.83", "dividend": "", "bonus": "", "right": "", "avg": "49,956.00", "market": "77,975,682,225.00"},
{"short": "NLG", "cname": "NLG Insurance Company Ltd. (NLG)", "sector": "Non-Life Insurance", "sharesout": "13,266,143.00", "low_high": "1,422.00-698.00", "avg_120": "870.31", "yield_year": "-33.28%", "eps": "15.52(FY:078-079, Q:2)", "pe": "49.48", "book_value": "127.59", "pbv": "6.02", "dividend": "", "bonus": "", "right": "", "avg": "9,625.00", "market": "10,188,397,824.00"},
{"short": "NIL", "cname": "Neco Insurance Co. Ltd. (NIL)", "sector": "Non-Life Insurance", "sharesout": "17,498,791.00", "low_high": "1,792.00-837.00", "avg_120": "1,127.72", "yield_year": "-44.42%", "eps": "17.17(FY:078-079, Q:2)", "pe": "52.18", "book_value": "130.61", "pbv": "6.86", "dividend": "", "bonus": "", "right": "2:1(FY:073-074)", "avg": "11,029.00", "market": "15,678,916,736.00"},
{"short": "NLBBL", "cname": "Nerude Laghubita Bittiya Sanstha Limited (NLBBL)", "sector": "Microfinance", "sharesout": "6,000,000.00", "low_high": "1,885.00-901.80", "avg_120": "1,114.67", "yield_year": "-39.05%", "eps": "43.87(FY:078-079, Q:2)", "pe": "22.91", "book_value": "205.57", "pbv": "4.89", "dividend": "1.13(FY:077-078)", "bonus": "21.49(FY:077-078)", "right": "", "avg": "2,246.00", "market": "6,030,000,000.00"},
{"short": "NIFRA", "cname": "Nepal Infrastructure Bank Limited (NIFRA)", "sector": "Investment", "sharesout": "216,000,000.00", "low_high": "599.00-268.50", "avg_120": "342.84", "yield_year": "-43.43%", "eps": "4.29(FY:078-079, Q:3)", "pe": "74.10", "book_value": "106.51", "pbv": "2.98", "dividend": "0.42(FY:077-078)", "bonus": "8.00(FY:077-078)", "right": "", "avg": "121,639.00", "market": "68,666,400,000.00"},
{"short": "NICSF", "cname": "NIC Asia Select - 30 (Index Fund) (NICSF)", "sector": "Mutual Fund", "sharesout": "125,000,000.00", "low_high": "10.10-8.21", "avg_120": "8.97", "yield_year": "0.00%", "eps": "0.00(FY:078-079, Q:9)", "pe": "0.00", "book_value": "0.00", "pbv": "0.00", "dividend": "", "bonus": "", "right": "", "avg": "13,276.00", "market": "1,075,000,000.00"},
{"short": "NICL", "cname": "Nepal Insurance Co. Ltd. (NICL)", "sector": "Non-Life Insurance", "sharesout": "12,423,390.00", "low_high": "1,294.00-640.00", "avg_120": "831.06", "yield_year": "-7.89%", "eps": "16.71(FY:078-079, Q:2)", "pe": "43.99", "book_value": "136.48", "pbv": "5.39", "dividend": "0.58(FY:077-078)", "bonus": "11.00(FY:077-078)", "right": "", "avg": "18,747.00", "market": "9,131,191,650.00"},
{"short": "NICLBSL", "cname": "NIC Asia Laghubitta Biitiya Sanstha Limited (NICLBSL)", "sector": "Microfinance", "sharesout": "17,394,400.00", "low_high": "1,910.00-946.00", "avg_120": "1,119.82", "yield_year": "-44.26%", "eps": "36.67(FY:078-079, Q:3)", "pe": "27.92", "book_value": "175.41", "pbv": "5.84", "dividend": "5.42(FY:077-078)", "bonus": "", "right": "", "avg": "4,486.00", "market": "17,811,865,600.00"},
{"short": "NICGF", "cname": "NIC Asia Growth Fund (NICGF)", "sector": "Mutual Fund", "sharesout": "83,520,000.00", "low_high": "18.12-10.43", "avg_120": "11.84", "yield_year": "-7.98%", "eps": "0.00(FY:078-079, Q:8)", "pe": "0.00", "book_value": "0.00", "pbv": "0.00", "dividend": "", "bonus": "", "right": "", "avg": "10,762.00", "market": "982,195,200.00"},
{"short": "NICBF", "cname": "NIC Asia Balanced Fund (NICBF)", "sector": "Mutual Fund", "sharesout": "75,500,000.00", "low_high": "17.00-9.92", "avg_120": "10.96", "yield_year": "-7.69%", "eps": "0.00(FY:078-079, Q:9)", "pe": "0.00", "book_value": "0.00", "pbv": "0.00", "dividend": "", "bonus": "", "right": "", "avg": "20,702.00", "market": "807,095,000.00"},
{"short": "NICAD8283", "cname": "11% NIC Asia Debenture 082/83 (NICAD8283)", "sector": "Corporate Debenture", "sharesout": "", "low_high": "1,246.00-999.80", "avg_120": "1,030.87", "yield_year": "-11.06%", "eps": "0.00(FY:, Q:0)", "pe": "0.00", "book_value": "0.00", "pbv": "1,005.00", "dividend": "", "bonus": "", "right": "", "avg": "838.00", "market": "0.00"},
{"short": "NICA", "cname": "NIC Asia Bank Ltd. (NICA)", "sector": "Commercial Banks", "sharesout": "115,640,053.60", "low_high": "1,085.00-701.00", "avg_120": "804.42", "yield_year": "-13.67%", "eps": "41.56(FY:078-079, Q:3)", "pe": "19.15", "book_value": "210.11", "pbv": "3.79", "dividend": "1.00(FY:076-077)", "bonus": "19.00(FY:076-077)", "right": "", "avg": "47,252.00", "market": "92,049,482,665.60"},
{"short": "NIBLPF", "cname": "NIBL Pragati Fund (NIBLPF)", "sector": "Mutual Fund", "sharesout": "75,000,000.00", "low_high": "20.68-9.30", "avg_120": "10.63", "yield_year": "-17.24%", "eps": "0.00(FY:, Q:0)", "pe": "0.00", "book_value": "0.00", "pbv": "10.51", "dividend": "", "bonus": "", "right": "", "avg": "16,384.00", "market": "788,250,000.00"},
{"short": "NIBSF2", "cname": "NIBL Samriddhi Fund 2 (NIBSF2)", "sector": "Mutual Fund", "sharesout": "150,000,000.00", "low_high": "11.53-8.30", "avg_120": "9.16", "yield_year": "0.00%", "eps": "0.00(FY:, Q:0)", "pe": "0.00", "book_value": "0.00", "pbv": "8.73", "dividend": "", "bonus": "", "right": "", "avg": "19,701.00", "market": "1,309,500,000.00"},
{"short": "CLBSL", "cname": "Civil Laghubitta Bittiya Sanstha Ltd. (CLBSL)", "sector": "Microfinance", "sharesout": "2,881,240.00", "low_high": "1,811.00-824.00", "avg_120": "1,006.75", "yield_year": "-30.55%", "eps": "24.44(FY:078-079, Q:3)", "pe": "36.37", "book_value": "142.80", "pbv": "6.23", "dividend": "1.00(FY:077-078)", "bonus": "19.00(FY:077-078)", "right": "", "avg": "2,321.00", "market": "2,561,422,360.00"},
{"short": "NHDL", "cname": "Nepal Hydro Developers Ltd. (NHDL)", "sector": "Hydro Power", "sharesout": "3,199,300.00", "low_high": "840.00-309.00", "avg_120": "488.25", "yield_year": "26.91%", "eps": "14.48(FY:078-079, Q:2)", "pe": "30.68", "book_value": "107.28", "pbv": "4.14", "dividend": "", "bonus": "", "right": "", "avg": "13,325.00", "market": "1,421,129,060.00"},
{"short": "NGPL", "cname": "Ngadi Group Power Ltd. (NGPL)", "sector": "Hydro Power", "sharesout": "7,069,324.00", "low_high": "1,397.00-229.00", "avg_120": "649.56", "yield_year": "130.28%", "eps": "10.58(FY:078-079, Q:2)", "pe": "55.28", "book_value": "106.33", "pbv": "5.50", "dividend": "1.05(FY:077-078)", "bonus": "20.00(FY:077-078)", "right": "30(FY:076-077)", "avg": "43,342.00", "market": "4,134,847,607.60"},
{"short": "NHPC", "cname": "National Hydro Power Company Limited (NHPC)", "sector": "Hydro Power", "sharesout": "16,426,512.40", "low_high": "530.90-143.00", "avg_120": "350.44", "yield_year": "61.93%", "eps": "1.04(FY:078-079, Q:2)", "pe": "250.67", "book_value": "115.88", "pbv": "2.25", "dividend": "", "bonus": "", "right": "", "avg": "77,509.00", "market": "4,282,391,782.68"},
{"short": "PPCL", "cname": "Panchthar Power Company Limited (PPCL)", "sector": "Hydro Power", "sharesout": "9,625,000.00", "low_high": "642.00-274.00", "avg_120": "461.70", "yield_year": "18.94%", "eps": "30.71(FY:078-079, Q:2)", "pe": "11.66", "book_value": "110.67", "pbv": "3.23", "dividend": "", "bonus": "", "right": "", "avg": "28,217.00", "market": "3,445,750,000.00"},
{"short": "NLICL", "cname": "National Life Insurance Co. Ltd. (NLICL)", "sector": "Life Insurance", "sharesout": "40,351,581.48", "low_high": "1,346.00-724.00", "avg_120": "966.78", "yield_year": "-30.50%", "eps": "0.00(FY:078-079, Q:2)", "pe": "0.00", "book_value": "125.09", "pbv": "6.19", "dividend": "", "bonus": "", "right": "", "avg": "16,262.00", "market": "31,268,440,488.85"},
{"short": "NESDO", "cname": "NESDO Sambridha Laghubitta Bittiye Sanstha Limited (NESDO)", "sector": "Microfinance", "sharesout": "2,550,000.00", "low_high": "3,312.50-747.70", "avg_120": "1,857.14", "yield_year": "0.00%", "eps": "84.22(FY:078-079, Q:2)", "pe": "32.30", "book_value": "311.91", "pbv": "8.72", "dividend": "", "bonus": "", "right": "", "avg": "6,680.00", "market": "6,936,255,000.00"},
{"short": "NEF", "cname": "Nabil Equity Fund (NEF)", "sector": "Mutual Fund", "sharesout": "125,000,000.00", "low_high": "17.49-9.83", "avg_120": "10.84", "yield_year": "-14.80%", "eps": "0.00(FY:, Q:0)", "pe": "0.00", "book_value": "0.00", "pbv": "10.48", "dividend": "", "bonus": "", "right": "", "avg": "21,666.00", "market": "1,310,000,000.00"},
{"short": "NBLD87", "cname": "8.5% Nepal Bank Debenture 2087 (NBLD87)", "sector": "Corporate Debenture", "sharesout": "3,500,000.00", "low_high": "1,000.00-1,000.00", "avg_120": "1,000.00", "yield_year": "0.00%", "eps": "0.00(FY:, Q:0)", "pe": "0.00", "book_value": "0.00", "pbv": "1,000.00", "dividend": "", "bonus": "", "right": "", "avg": "10.00", "market": "3,500,000,000.00"},
{"short": "NBLD85", "cname": "8% Nabil Debenture 2085 (NBLD85)", "sector": "Corporate Debenture", "sharesout": "3,000,000.00", "low_high": "1,000.00-819.00", "avg_120": "865.60", "yield_year": "0.00%", "eps": "0.00(FY:, Q:0)", "pe": "0.00", "book_value": "0.00", "pbv": "835.00", "dividend": "", "bonus": "", "right": "", "avg": "44.00", "market": "2,505,000,000.00"},
{"short": "NBL", "cname": "Nepal Bank Limited (NBL)", "sector": "Commercial Banks", "sharesout": "144,059,048.30", "low_high": "575.00-310.00", "avg_120": "349.23", "yield_year": "-26.23%", "eps": "20.30(FY:078-079, Q:3)", "pe": "15.92", "book_value": "240.60", "pbv": "1.34", "dividend": "3.00(FY:077-078)", "bonus": "14.00(FY:077-078)", "right": "100:23.74(FY:072-073)", "avg": "67,132.00", "market": "46,545,478,505.73"},
{"short": "NBF2", "cname": "NABIL BALANCED FUND-2 (NBF2)", "sector": "Mutual Fund", "sharesout": "112,000,000.00", "low_high": "17.00-10.00", "avg_120": "10.91", "yield_year": "-9.91%", "eps": "0.00(FY:, Q:0)", "pe": "0.00", "book_value": "0.00", "pbv": "10.46", "dividend": "35.00(FY:077-078)", "bonus": "", "right": "", "avg": "18,136.00", "market": "1,171,520,000.00"},
{"short": "NIBD84", "cname": "8.5% Nepal Investment Bank Debenture 2084 (NIBD84)", "sector": "Corporate Debenture", "sharesout": "4,000,000.00", "low_high": "1,000.00-852.40", "avg_120": "936.36", "yield_year": "0.00%", "eps": "0.00(FY:, Q:0)", "pe": "0.00", "book_value": "0.00", "pbv": "852.40", "dividend": "", "bonus": "", "right": "", "avg": "170.00", "market": "3,409,600,000.00"},
{"short": "NBF3", "cname": "nabil Balanced Fund-3 (NBF3)", "sector": "Mutual Fund", "sharesout": "125,000,000.00", "low_high": "10.08-8.33", "avg_120": "9.34", "yield_year": "0.00%", "eps": "0.00(FY:, Q:0)", "pe": "0.00", "book_value": "0.00", "pbv": "9.00", "dividend": "", "bonus": "", "right": "", "avg": "23,643.00", "market": "1,125,000,000.00"},
{"short": "NABBC", "cname": "Narayani Development Bank Limited (NABBC)", "sector": "Development Bank Limited", "sharesout": "2,314,928.50", "low_high": "1,251.10-349.50", "avg_120": "513.09", "yield_year": "-32.23%", "eps": "-1.21(FY:078-079, Q:3)", "pe": "-321.49", "book_value": "61.74", "pbv": "6.30", "dividend": "", "bonus": "", "right": "", "avg": "7,694.00", "market": "900,507,186.50"},
{"short": "NABIL", "cname": "Nabil Bank Limited (NABIL)", "sector": "Commercial Banks", "sharesout": "184,961,870.00", "low_high": "1,740.00-918.20", "avg_120": "1,084.99", "yield_year": "-26.69%", "eps": "24.16(FY:078-079, Q:3)", "pe": "39.38", "book_value": "190.29", "pbv": "5.00", "dividend": "4.40(FY:077-078)", "bonus": "33.60(FY:077-078)", "right": "", "avg": "56,263.00", "market": "175,991,219,305.00"},
{"short": "MSLB", "cname": "Mahuli Laghubitta Bittiya Sanstha Ltd. (MSLB)", "sector": "Microfinance", "sharesout": "2,821,694.40", "low_high": "2,496.00-1,200.00", "avg_120": "1,498.49", "yield_year": "-40.81%", "eps": "39.44(FY:078-079, Q:2)", "pe": "33.98", "book_value": "186.87", "pbv": "7.17", "dividend": "1.05(FY:076-077)", "bonus": "", "right": "", "avg": "241.00", "market": "3,781,070,496.00"},
{"short": "MMFDB", "cname": "Mirmire Laghubitta Bittiya Sanstha Ltd. (MMFDB)", "sector": "Microfinance", "sharesout": "5,220,853.90", "low_high": "2,095.00-1,130.00", "avg_120": "1,334.54", "yield_year": "-24.03%", "eps": "46.60(FY:078-079, Q:2)", "pe": "26.18", "book_value": "185.89", "pbv": "6.56", "dividend": "", "bonus": "20.00(FY:077-078)", "right": "2:1(FY:074-075)", "avg": "1,668.00", "market": "6,369,441,758.00"},
{"short": "MMF1", "cname": "Mega Mutual Fund-1 (MMF1)", "sector": "Mutual Fund", "sharesout": "125,000,000.00", "low_high": "10.28-8.11", "avg_120": "8.97", "yield_year": "0.00%", "eps": "0.00(FY:078-079, Q:8)", "pe": "0.00", "book_value": "0.00", "pbv": "0.00", "dividend": "", "bonus": "", "right": "", "avg": "24,029.00", "market": "1,068,750,000.00"},
{"short": "MLBSL", "cname": "Mahila Laghubitta Bittiya Sanstha Limited (MLBSL)", "sector": "Microfinance", "sharesout": "1,475,000.00", "low_high": "5,749.00-1,980.00", "avg_120": "3,643.77", "yield_year": "82.29%", "eps": "110.97(FY:078-079, Q:2)", "pe": "31.90", "book_value": "257.13", "pbv": "13.77", "dividend": "2.50(FY:077-078)", "bonus": "47.50(FY:077-078)", "right": "", "avg": "1,260.00", "market": "5,221,500,000.00"},
{"short": "MNBBL", "cname": "Muktinath Bikas Bank Ltd. (MNBBL)", "sector": "Development Bank Limited", "sharesout": "56,571,808.50", "low_high": "850.00-409.00", "avg_120": "518.49", "yield_year": "11.39%", "eps": "24.06(FY:078-079, Q:3)", "pe": "20.32", "book_value": "137.39", "pbv": "3.56", "dividend": "0.93(FY:077-078)", "bonus": "17.58(FY:077-078)", "right": "", "avg": "28,404.00", "market": "27,663,614,356.50"},
{"short": "MLBS", "cname": "Manushi Laghubitta Bittiya Sanstha Limited (MLBS)", "sector": "Microfinance", "sharesout": "1,093,750.00", "low_high": "2,189.10-397.50", "avg_120": "1,393.75", "yield_year": "0.00%", "eps": "27.67(FY:078-079, Q:2)", "pe": "45.18", "book_value": "143.99", "pbv": "8.68", "dividend": "", "bonus": "", "right": "", "avg": "644.00", "market": "1,367,187,500.00"},
{"short": "MLBBL", "cname": "Mithila Laghubitta Bittiya Sanstha Ltd. (MLBBL)", "sector": "Microfinance", "sharesout": "1,704,373.00", "low_high": "2,540.00-1,375.00", "avg_120": "1,629.97", "yield_year": "-16.98%", "eps": "40.67(FY:078-079, Q:2)", "pe": "36.74", "book_value": "198.63", "pbv": "7.52", "dividend": "", "bonus": "", "right": "", "avg": "386.00", "market": "2,546,844,573.90"},
{"short": "MKLB", "cname": "Manakamana Smart Laghubitta Bittiya Sanstha Limited (MKLB)", "sector": "Microfinance", "sharesout": "1,417,455.00", "low_high": "2,310.00-296.70", "avg_120": "1,338.75", "yield_year": "0.00%", "eps": "14.66(FY:078-079, Q:2)", "pe": "77.76", "book_value": "119.86", "pbv": "9.51", "dividend": "", "bonus": "17.00(FY:077-078)", "right": "", "avg": "509.00", "market": "1,615,898,700.00"},
{"short": "MLBL", "cname": "Mahalaxmi Bikas Bank Ltd. (MLBL)", "sector": "Development Bank Limited", "sharesout": "40,108,832.70", "low_high": "883.00-276.00", "avg_120": "479.90", "yield_year": "43.48%", "eps": "23.74(FY:078-079, Q:3)", "pe": "18.07", "book_value": "156.04", "pbv": "2.75", "dividend": "", "bonus": "", "right": "", "avg": "52,014.00", "market": "17,206,689,228.30"},
{"short": "MKJC", "cname": "Mailung Khola Jal Vidhyut Company  Limited (MKJC)", "sector": "Hydro Power", "sharesout": "3,681,430.00", "low_high": "733.90-186.50", "avg_120": "578.92", "yield_year": "0.00%", "eps": "4.53(FY:078-079, Q:2)", "pe": "120.97", "book_value": "103.28", "pbv": "5.31", "dividend": "", "bonus": "", "right": "", "avg": "3,991.00", "market": "2,017,423,640.00"},
{"short": "MHNL", "cname": "Mountain Hydro Nepal Limited (MHNL)", "sector": "Hydro Power", "sharesout": "12,500,000.00", "low_high": "720.00-246.00", "avg_120": "446.02", "yield_year": "36.53%", "eps": "23.01(FY:078-079, Q:2)", "pe": "16.08", "book_value": "100.26", "pbv": "3.69", "dividend": "", "bonus": "", "right": "", "avg": "7,861.00", "market": "4,625,000,000.00"},
{"short": "MEN", "cname": "Mountain Energy Nepal Limited (MEN)", "sector": "Hydro Power", "sharesout": "19,680,270.00", "low_high": "1,530.00-703.00", "avg_120": "1,122.41", "yield_year": "35.19%", "eps": "43.32(FY:078-079, Q:2)", "pe": "24.12", "book_value": "142.25", "pbv": "7.35", "dividend": "", "bonus": "", "right": "", "avg": "2,119.00", "market": "20,565,882,150.00"},
{"short": "MERO", "cname": "Meromicrofinance Laghubitta Bittiya Sanstha Ltd. (MERO)", "sector": "Microfinance", "sharesout": "12,000,000.00", "low_high": "1,989.00-878.10", "avg_120": "1,093.47", "yield_year": "-33.63%", "eps": "44.43(FY:078-079, Q:2)", "pe": "22.41", "book_value": "154.09", "pbv": "6.46", "dividend": "1.05(FY:077-078)", "bonus": "20.00(FY:077-078)", "right": "", "avg": "3,792.00", "market": "11,946,000,000.00"},
{"short": "MFIL", "cname": "Manjushree Finance Ltd. (MFIL)", "sector": "Finance", "sharesout": "13,515,530.00", "low_high": "1,456.00-430.00", "avg_120": "659.86", "yield_year": "-4.86%", "eps": "11.15(FY:078-079, Q:3)", "pe": "44.20", "book_value": "134.06", "pbv": "3.68", "dividend": "", "bonus": "", "right": "", "avg": "27,587.00", "market": "6,660,453,184.00"},
{"short": "MEGAPO", "cname": "Mega Bank Nepal Limited Promoter Share (MEGAPO)", "sector": "Promotor Share", "sharesout": "", "low_high": "124.00-115.00", "avg_120": "119.85", "yield_year": "-3.23%", "eps": "0.00(FY:, Q:0)", "pe": "0.00", "book_value": "0.00", "pbv": "120.00", "dividend": "0.53(FY:071-072)", "bonus": "10.00(FY:071-072)", "right": "", "avg": "43,484.00", "market": "0.00"},
{"short": "MDB", "cname": "Miteri Development Bank Limited (MDB)", "sector": "Development Bank Limited", "sharesout": "9,034,280.70", "low_high": "873.20-351.00", "avg_120": "506.59", "yield_year": "24.60%", "eps": "15.65(FY:078-079, Q:3)", "pe": "30.10", "book_value": "139.04", "pbv": "3.39", "dividend": "", "bonus": "", "right": "2:1(FY:071-072)", "avg": "8,943.00", "market": "4,255,146,209.70"},
{"short": "MEGA", "cname": "Mega Bank Nepal Ltd. (MEGA)", "sector": "Commercial Banks", "sharesout": "161,204,614.50", "low_high": "405.00-231.00", "avg_120": "273.13", "yield_year": "-22.68%", "eps": "16.66(FY:078-079, Q:3)", "pe": "14.53", "book_value": "136.70", "pbv": "1.77", "dividend": "2.07(FY:077-078)", "bonus": "10.00(FY:077-078)", "right": "10:6.5(FY:072-073)", "avg": "39,229.00", "market": "39,011,516,709.00"},
{"short": "MBLPO", "cname": "Machhapuchchhre Bank Limited Promotor Share (MBLPO)", "sector": "Promotor Share", "sharesout": "", "low_high": "250.00-151.00", "avg_120": "151.00", "yield_year": "-39.60%", "eps": "0.00(FY:, Q:0)", "pe": "0.00", "book_value": "0.00", "pbv": "151.00", "dividend": "0.84(FY:071-072)", "bonus": "16.00(FY:071-072)", "right": "2:01(FY:071-072)", "avg": "5,451.00", "market": "0.00"},
{"short": "MBJC", "cname": "Madhya Bhotekoshi Jalavidyut Company Limited (MBJC)", "sector": "Hydro Power", "sharesout": "60,000,000.00", "low_high": "505.00-100.00", "avg_120": "367.54", "yield_year": "0.00%", "eps": "-0.26(FY:078-079, Q:2)", "pe": "-1,207.69", "book_value": "95.32", "pbv": "3.29", "dividend": "", "bonus": "", "right": "", "avg": "18,735.00", "market": "18,840,000,000.00"},
{"short": "MBL", "cname": "Machhapuchchhre Bank Limited (MBL)", "sector": "Commercial Banks", "sharesout": "102,571,555.80", "low_high": "455.00-265.00", "avg_120": "307.39", "yield_year": "-8.71%", "eps": "20.17(FY:078-079, Q:3)", "pe": "14.08", "book_value": "139.67", "pbv": "2.03", "dividend": "0.70(FY:077-078)", "bonus": "13.30(FY:077-078)", "right": "10:1.2(FY:072-073)", "avg": "39,738.00", "market": "29,120,064,691.62"},
{"short": "LLBS", "cname": "Laxmi Laghubitta Bittiya Sanstha Ltd. (LLBS)", "sector": "Microfinance", "sharesout": "3,840,540.00", "low_high": "2,574.00-1,205.00", "avg_120": "1,465.04", "yield_year": "-38.76%", "eps": "48.14(FY:078-079, Q:2)", "pe": "27.96", "book_value": "195.56", "pbv": "6.88", "dividend": "7.37(FY:077-078)", "bonus": "20.00(FY:077-078)", "right": "", "avg": "779.00", "market": "5,169,366,840.00"},
{"short": "LUK", "cname": "Laxmi unnati Kosh (LUK)", "sector": "Mutual Fund", "sharesout": "65,262,360.00", "low_high": "16.00-9.31", "avg_120": "10.18", "yield_year": "-2.33%", "eps": "0.00(FY:078-079, Q:11)", "pe": "0.00", "book_value": "0.00", "pbv": "0.00", "dividend": "", "bonus": "", "right": "", "avg": "20,766.00", "market": "657,844,588.80"},
{"short": "LGIL", "cname": "Lumbini General Insurance Co. Ltd. (LGIL)", "sector": "Non-Life Insurance", "sharesout": "11,989,000.00", "low_high": "975.00-566.50", "avg_120": "730.66", "yield_year": "-12.66%", "eps": "17.32(FY:078-079, Q:2)", "pe": "39.43", "book_value": "126.31", "pbv": "5.41", "dividend": "", "bonus": "", "right": "", "avg": "14,604.00", "market": "8,188,487,000.00"},
{"short": "LICN", "cname": "Life Insurance Co. Nepal (LICN)", "sector": "Life Insurance", "sharesout": "22,110,000.00", "low_high": "2,755.00-1,700.00", "avg_120": "2,049.24", "yield_year": "-15.70%", "eps": "0.00(FY:078-079, Q:2)", "pe": "0.00", "book_value": "155.86", "pbv": "12.16", "dividend": "", "bonus": "", "right": "", "avg": "13,674.00", "market": "41,898,450,000.00"},
{"short": "LEMF", "cname": "Laxmi Equity Fund (LEMF)", "sector": "Mutual Fund", "sharesout": "125,000,000.00", "low_high": "19.34-9.16", "avg_120": "10.42", "yield_year": "-7.35%", "eps": "0.00(FY:078-079, Q:9)", "pe": "0.00", "book_value": "0.00", "pbv": "0.00", "dividend": "4.25(FY:076-077)", "bonus": "", "right": "", "avg": "31,620.00", "market": "1,308,750,000.00"},
{"short": "LEC", "cname": "Liberty Energy Company Limited (LEC)", "sector": "Hydro Power", "sharesout": "15,000,000.00", "low_high": "530.00-282.50", "avg_120": "365.81", "yield_year": "0.43%", "eps": "-1.86(FY:078-079, Q:2)", "pe": "-176.02", "book_value": "89.01", "pbv": "3.68", "dividend": "", "bonus": "", "right": "", "avg": "12,850.00", "market": "4,911,000,000.00"},
{"short": "MPFL", "cname": "Multipurpose Finance Company Limited (MPFL)", "sector": "Finance", "sharesout": "4,520,000.00", "low_high": "696.00-197.00", "avg_120": "408.60", "yield_year": "61.58%", "eps": "2.05(FY:078-079, Q:2)", "pe": "174.98", "book_value": "120.31", "pbv": "2.98", "dividend": "", "bonus": "", "right": "1:8.65(FY:074-075)", "avg": "5,564.00", "market": "1,621,324,000.00"},
{"short": "KSBBLP", "cname": "Kamana Sewa Bikas Bank Limited Promoter Share (KSBBLP)", "sector": "Promotor Share", "sharesout": "", "low_high": "381.00-121.00", "avg_120": "313.00", "yield_year": "156.20%", "eps": "0.00(FY:, Q:0)", "pe": "0.00", "book_value": "0.00", "pbv": "310.00", "dividend": "", "bonus": "", "right": "", "avg": "25,000.00", "market": "0.00"},
{"short": "LBL", "cname": "Laxmi Bank Limited (LBL)", "sector": "Commercial Banks", "sharesout": "115,513,450.00", "low_high": "447.00-229.50", "avg_120": "278.35", "yield_year": "-20.20%", "eps": "9.91(FY:078-079, Q:3)", "pe": "24.72", "book_value": "141.89", "pbv": "1.73", "dividend": "3.50(FY:077-078)", "bonus": "8.00(FY:077-078)", "right": "", "avg": "18,195.00", "market": "28,300,795,250.00"},
{"short": "LBBL", "cname": "Lumbini Bikas Bank Ltd. (LBBL)", "sector": "Development Bank Limited", "sharesout": "32,842,925.10", "low_high": "774.00-269.00", "avg_120": "485.14", "yield_year": "52.96%", "eps": "20.73(FY:078-079, Q:3)", "pe": "21.47", "book_value": "173.24", "pbv": "2.57", "dividend": "0.68(FY:077-078)", "bonus": "13.00(FY:077-078)", "right": "10:1(FY:073-074)", "avg": "32,376.00", "market": "14,618,385,962.01"},
{"short": "KSBBL", "cname": "Kamana Sewa Bikas Bank Limited (KSBBL)", "sector": "Development Bank Limited", "sharesout": "31,425,770.20", "low_high": "866.90-328.00", "avg_120": "492.80", "yield_year": "28.90%", "eps": "21.41(FY:078-079, Q:3)", "pe": "21.25", "book_value": "136.71", "pbv": "3.33", "dividend": "0.97(FY:077-078)", "bonus": "18.50(FY:077-078)", "right": "", "avg": "25,492.00", "market": "14,298,725,441.00"},
{"short": "KPCL", "cname": "Kalika power Company Ltd (KPCL)", "sector": "Hydro Power", "sharesout": "6,900,000.00", "low_high": "878.90-283.00", "avg_120": "507.59", "yield_year": "57.90%", "eps": "18.21(FY:078-079, Q:2)", "pe": "25.15", "book_value": "129.88", "pbv": "3.53", "dividend": "0.79(FY:077-078)", "bonus": "15.00(FY:077-078)", "right": "", "avg": "3,991.00", "market": "3,159,510,000.00"},
{"short": "KRBL", "cname": "Karnali Development Bank Limited (KRBL)", "sector": "Development Bank Limited", "sharesout": "5,028,300.00", "low_high": "607.00-188.00", "avg_120": "407.27", "yield_year": "59.66%", "eps": "-6.52(FY:078-079, Q:2)", "pe": "-50.94", "book_value": "118.86", "pbv": "2.79", "dividend": "5.00(FY:072-073)", "bonus": "8.00(FY:072-073)", "right": "1:2.25(FY:073-074)", "avg": "7,335.00", "market": "1,669,898,430.00"},
{"short": "KMCDB", "cname": "Kalika Laghubitta Bittiya Sanstha Limited (KMCDB)", "sector": "Microfinance", "sharesout": "3,128,750.00", "low_high": "1,715.00-1,015.00", "avg_120": "1,281.73", "yield_year": "-5.20%", "eps": "47.67(FY:078-079, Q:3)", "pe": "27.24", "book_value": "167.73", "pbv": "7.74", "dividend": "0.63(FY:075-076)", "bonus": "13.00(FY:077-078)", "right": "", "avg": "3,166.00", "market": "4,063,307,625.00"},
{"short": "KLBSL", "cname": "Kisan Lagubitta Bittiya Sanstha Limited (KLBSL)", "sector": "Microfinance", "sharesout": "3,928,087.80", "low_high": "1,842.00-1,072.00", "avg_120": "1,501.95", "yield_year": "-21.48%", "eps": "23.04(FY:078-079, Q:2)", "pe": "57.29", "book_value": "194.53", "pbv": "6.79", "dividend": "", "bonus": "25.00(FY:077-078)", "right": "", "avg": "914.00", "market": "5,185,075,896.00"},
{"short": "KKHC", "cname": "Khanikhola Hydropower Co. Ltd. (KKHC)", "sector": "Hydro Power", "sharesout": "4,657,143.00", "low_high": "556.20-124.00", "avg_120": "302.21", "yield_year": "88.22%", "eps": "11.94(FY:078-079, Q:2)", "pe": "21.28", "book_value": "93.57", "pbv": "2.72", "dividend": "", "bonus": "", "right": "", "avg": "8,527.00", "market": "1,183,380,036.30"},
{"short": "KEF", "cname": "Kumari Equity Fund (KEF)", "sector": "Mutual Fund", "sharesout": "100,000,000.00", "low_high": "11.65-8.67", "avg_120": "9.21", "yield_year": "-7.16%", "eps": "0.00(FY:, Q:0)", "pe": "0.00", "book_value": "0.00", "pbv": "9.21", "dividend": "5.00(FY:077-078)", "bonus": "", "right": "", "avg": "18,686.00", "market": "921,000,000.00"},
{"short": "JSLBB", "cname": "Janautthan Samudayic Laghubitta Bittiya Sanstha Limited (JSLBB)", "sector": "Microfinance", "sharesout": "1,479,060.00", "low_high": "5,500.00-1,940.40", "avg_120": "2,368.99", "yield_year": "-56.03%", "eps": "56.74(FY:078-079, Q:2)", "pe": "38.33", "book_value": "196.14", "pbv": "11.09", "dividend": "", "bonus": "", "right": "", "avg": "511.00", "market": "3,216,955,500.00"},
{"short": "KBL", "cname": "Kumari Bank Limited (KBL)", "sector": "Commercial Banks", "sharesout": "147,111,833.20", "low_high": "413.00-212.70", "avg_120": "246.47", "yield_year": "-29.15%", "eps": "16.34(FY:078-079, Q:3)", "pe": "13.83", "book_value": "137.65", "pbv": "1.64", "dividend": "2.67(FY:077-078)", "bonus": "6.00(FY:077-078)", "right": "", "avg": "40,849.00", "market": "33,247,274,303.20"},
{"short": "JOSHI", "cname": "Joshi Hydropower Development Company Ltd (JOSHI)", "sector": "Hydro Power", "sharesout": "3,714,000.00", "low_high": "507.00-130.00", "avg_120": "304.58", "yield_year": "77.30%", "eps": "-0.96(FY:077-078, Q:4)", "pe": "-260.42", "book_value": "84.57", "pbv": "2.96", "dividend": "", "bonus": "", "right": "", "avg": "19,385.00", "market": "928,500,000.00"},
{"short": "JLI", "cname": "Jyoti Life Insurance Company Limited (JLI)", "sector": "Life Insurance", "sharesout": "24,200,000.00", "low_high": "998.00-499.90", "avg_120": "630.32", "yield_year": "-37.18%", "eps": "0.00(FY:078-079, Q:2)", "pe": "0.00", "book_value": "130.12", "pbv": "4.38", "dividend": "", "bonus": "", "right": "", "avg": "14,307.00", "market": "13,803,680,000.00"},
{"short": "JFL", "cname": "Janaki Finance Ltd. (JFL)", "sector": "Finance", "sharesout": "6,904,727.65", "low_high": "836.00-244.00", "avg_120": "555.34", "yield_year": "56.49%", "eps": "10.31(FY:078-079, Q:2)", "pe": "40.22", "book_value": "149.32", "pbv": "2.78", "dividend": "", "bonus": "", "right": "", "avg": "9,376.00", "market": "2,863,390,556.45"},
{"short": "JBBLPO", "cname": "Jyoti Bikash Bank Ltd. Promoter Share (JBBLPO)", "sector": "Promotor Share", "sharesout": "", "low_high": "220.00-146.00", "avg_120": "195.33", "yield_year": "49.66%", "eps": "0.00(FY:, Q:0)", "pe": "0.00", "book_value": "0.00", "pbv": "220.00", "dividend": "5.60(FY:069-070)", "bonus": "9.00(FY:071-072)", "right": "", "avg": "6,591.00", "market": "0.00"},
{"short": "JBLB", "cname": "Jeevan Bikas Laghubitta Bittiya Sanstha Limited (JBLB)", "sector": "Microfinance", "sharesout": "10,342,800.00", "low_high": "5,516.90-890.00", "avg_120": "4,325.75", "yield_year": "0.00%", "eps": "77.67(FY:078-079, Q:2)", "pe": "39.18", "book_value": "266.51", "pbv": "11.42", "dividend": "", "bonus": "", "right": "", "avg": "9,862.00", "market": "31,473,140,400.00"},
{"short": "JBBL", "cname": "Jyoti Bikas Bank Limited (JBBL)", "sector": "Development Bank Limited", "sharesout": "42,677,532.80", "low_high": "649.90-249.00", "avg_120": "415.16", "yield_year": "42.32%", "eps": "16.11(FY:078-079, Q:3)", "pe": "23.59", "book_value": "128.59", "pbv": "2.96", "dividend": "4.50(FY:077-078)", "bonus": "11.00(FY:077-078)", "right": "1:1(FY:072-073)", "avg": "46,102.00", "market": "16,217,462,464.00"},
{"short": "JALPA", "cname": "Jalpa Samudayik Laghubitta Bittiya Sanstha Limited (JALPA)", "sector": "Microfinance", "sharesout": "1,600,000.00", "low_high": "780.60-318.60", "avg_120": "440.33", "yield_year": "0.00%", "eps": "52.48(FY:077-078, Q:3)", "pe": "14.87", "book_value": "266.49", "pbv": "2.93", "dividend": "", "bonus": "", "right": "", "avg": "42.00", "market": "1,248,960,000.00"},
{"short": "ILBS", "cname": "Infinity Laghubitta Bittiya Sanstha Limited (ILBS)", "sector": "Microfinance", "sharesout": "4,145,132.80", "low_high": "2,140.00-1,038.80", "avg_120": "1,302.76", "yield_year": "-32.90%", "eps": "39.93(FY:078-079, Q:2)", "pe": "28.55", "book_value": "146.87", "pbv": "7.76", "dividend": "1.46(FY:077-078)", "bonus": "27.70(FY:077-078)", "right": "", "avg": "1,615.00", "market": "4,725,451,392.00"},
{"short": "LBLD86", "cname": "10% Laxmi Bank Debenture 2086 (LBLD86)", "sector": "Corporate Debenture", "sharesout": "", "low_high": "1,076.00-971.00", "avg_120": "995.70", "yield_year": "0.00%", "eps": "0.00(FY:, Q:0)", "pe": "0.00", "book_value": "0.00", "pbv": "971.00", "dividend": "", "bonus": "", "right": "", "avg": "37.00", "market": "0.00"},
{"short": "ICFCD83", "cname": "12% ICFC Finance Limited Debenture 2083 (ICFCD83)", "sector": "Corporate Debenture", "sharesout": "200,000.00", "low_high": "1,274.00-1,072.00", "avg_120": "1,108.67", "yield_year": "-7.77%", "eps": "0.00(FY:, Q:0)", "pe": "0.00", "book_value": "0.00", "pbv": "1,080.00", "dividend": "", "bonus": "", "right": "", "avg": "134.00", "market": "216,000,000.00"},
{"short": "HURJA", "cname": "Himalaya Urja Bikas Company Limited (HURJA)", "sector": "Hydro Power", "sharesout": "9,900,000.00", "low_high": "685.40-303.30", "avg_120": "463.68", "yield_year": "-6.03%", "eps": "-0.03(FY:078-079, Q:2)", "pe": "-11,433.33", "book_value": "99.14", "pbv": "3.46", "dividend": "", "bonus": "", "right": "", "avg": "12,301.00", "market": "3,395,700,000.00"},
{"short": "IGI", "cname": "IME General Insurance Ltd. (IGI)", "sector": "Non-Life Insurance", "sharesout": "17,340,638.30", "low_high": "1,465.00-507.10", "avg_120": "859.87", "yield_year": "-54.75%", "eps": "14.00(FY:078-079, Q:2)", "pe": "38.56", "book_value": "117.55", "pbv": "4.59", "dividend": "", "bonus": "", "right": "10:4(FY:078-079)", "avg": "16,980.00", "market": "9,360,476,554.34"},
{"short": "HIDCL", "cname": "Hydorelectricity Investment and Development Company Ltd (HIDCL)", "sector": "Investment", "sharesout": "220,000,000.00", "low_high": "606.00-236.20", "avg_120": "298.18", "yield_year": "-45.23%", "eps": "4.12(FY:078-079, Q:2)", "pe": "64.08", "book_value": "112.34", "pbv": "2.35", "dividend": "", "bonus": "", "right": "", "avg": "113,021.00", "market": "58,080,000,000.00"},
{"short": "HGI", "cname": "Himalayan General Insurance Co. Ltd (HGI)", "sector": "Non-Life Insurance", "sharesout": "11,735,094.11", "low_high": "982.00-548.80", "avg_120": "683.84", "yield_year": "-18.90%", "eps": "8.90(FY:078-079, Q:2)", "pe": "66.07", "book_value": "117.22", "pbv": "5.02", "dividend": "", "bonus": "", "right": "", "avg": "11,864.00", "market": "6,900,235,333.74"},
{"short": "HPPL", "cname": "Himalayan Power Partner Ltd. (HPPL)", "sector": "Hydro Power", "sharesout": "10,654,170.00", "low_high": "749.10-365.00", "avg_120": "463.63", "yield_year": "6.55%", "eps": "0.00(FY:078-079, Q:2)", "pe": "0.00", "book_value": "100.00", "pbv": "4.39", "dividend": "", "bonus": "", "right": "", "avg": "11,811.00", "market": "4,677,180,630.00"},
{"short": "HDL", "cname": "Himalayan Distillery Limited (HDL)", "sector": "Manufacturing And Processing", "sharesout": "15,184,791.56", "low_high": "7,938.00-3,435.10", "avg_120": "4,288.94", "yield_year": "-16.75%", "eps": "60.95(FY:078-079, Q:2)", "pe": "59.20", "book_value": "148.20", "pbv": "24.35", "dividend": "25.00(FY:077-078)", "bonus": "75.00(FY:077-078)", "right": "", "avg": "15,298.00", "market": "54,786,727,948.48"},
{"short": "GUFL", "cname": "Gurkhas Finance Ltd. (GUFL)", "sector": "Finance", "sharesout": "8,679,938.00", "low_high": "1,500.00-416.00", "avg_120": "692.96", "yield_year": "-2.63%", "eps": "14.58(FY:078-079, Q:3)", "pe": "33.06", "book_value": "186.02", "pbv": "2.59", "dividend": "", "bonus": "7.00(FY:071-072)", "right": "2:1(FY:072-073)", "avg": "22,008.00", "market": "4,183,730,116.00"},
{"short": "GVL", "cname": "Green Ventures Limited (GVL)", "sector": "Hydro Power", "sharesout": "", "low_high": "396.80-271.10", "avg_120": "345.95", "yield_year": "0.00%", "eps": "0.00(FY:, Q:0)", "pe": "0.00", "book_value": "0.00", "pbv": "396.80", "dividend": "", "bonus": "", "right": "", "avg": "6,731.00", "market": "0.00"},
{"short": "GRDBL", "cname": "Green Development Bank Ltd. (GRDBL)", "sector": "Development Bank Limited", "sharesout": "5,190,000.00", "low_high": "537.90-200.00", "avg_120": "345.68", "yield_year": "25.00%", "eps": "2.46(FY:078-079, Q:3)", "pe": "117.89", "book_value": "108.73", "pbv": "2.67", "dividend": "0.20(FY:076-077)", "bonus": "3.80(FY:076-077)", "right": "", "avg": "5,380.00", "market": "1,505,100,000.00"},
{"short": "PFL", "cname": "Pokhara Finance Ltd. (PFL)", "sector": "Finance", "sharesout": "10,409,198.10", "low_high": "920.00-278.00", "avg_120": "507.26", "yield_year": "36.57%", "eps": "6.18(FY:078-079, Q:3)", "pe": "67.62", "book_value": "134.30", "pbv": "3.11", "dividend": "", "bonus": "", "right": "", "avg": "7,915.00", "market": "4,350,003,885.99"},
{"short": "GMFBS", "cname": "Ganapati Microfinance Bittiya Sanstha Ltd (GMFBS)", "sector": "Microfinance", "sharesout": "1,515,545.30", "low_high": "1,972.00-996.20", "avg_120": "1,236.28", "yield_year": "-34.76%", "eps": "12.72(FY:078-079, Q:2)", "pe": "88.99", "book_value": "141.68", "pbv": "7.99", "dividend": "1.00(FY:077-078)", "bonus": "19.00(FY:077-078)", "right": "", "avg": "342.00", "market": "1,715,597,279.60"},
{"short": "GMFIL", "cname": "Guheshowori Merchant Bank & Finance Co. Ltd. (GMFIL)", "sector": "Finance", "sharesout": "9,504,000.00", "low_high": "773.00-223.00", "avg_120": "434.49", "yield_year": "42.52%", "eps": "5.70(FY:078-079, Q:3)", "pe": "63.51", "book_value": "150.22", "pbv": "2.41", "dividend": "", "bonus": "", "right": "", "avg": "6,317.00", "market": "3,440,448,000.00"},
{"short": "GLH", "cname": "Greenlife Hydropower Limited (GLH)", "sector": "Hydro Power", "sharesout": "17,856,112.10", "low_high": "657.00-339.00", "avg_120": "455.50", "yield_year": "9.07%", "eps": "0.00(FY:078-079, Q:2)", "pe": "0.00", "book_value": "100.00", "pbv": "4.21", "dividend": "", "bonus": "", "right": "", "avg": "6,210.00", "market": "7,517,423,194.10"},
{"short": "GLBSL", "cname": "Gurans Laghubitta Bittiya Sanstha Limited (GLBSL)", "sector": "Microfinance", "sharesout": "975,000.00", "low_high": "2,245.00-1,017.00", "avg_120": "1,315.86", "yield_year": "-31.57%", "eps": "15.16(FY:078-079, Q:2)", "pe": "80.34", "book_value": "128.34", "pbv": "9.49", "dividend": "0.89(FY:077-078)", "bonus": "16.91(FY:077-078)", "right": "", "avg": "278.00", "market": "1,187,550,000.00"},
{"short": "GIMES1", "cname": "Global IME Samunnat Scheme-1 (GIMES1)", "sector": "Mutual Fund", "sharesout": "100,000,000.00", "low_high": "25.09-9.90", "avg_120": "11.52", "yield_year": "-30.06%", "eps": "0.00(FY:078-079, Q:9)", "pe": "0.00", "book_value": "0.00", "pbv": "0.00", "dividend": "100.00(FY:077-078)", "bonus": "", "right": "", "avg": "56,773.00", "market": "1,119,000,000.00"},
{"short": "GLICL", "cname": "Gurans Life Insurance Company Ltd. (GLICL)", "sector": "Life Insurance", "sharesout": "20,842,500.00", "low_high": "901.00-460.00", "avg_120": "621.53", "yield_year": "-22.52%", "eps": "0.00(FY:078-079, Q:2)", "pe": "0.00", "book_value": "124.03", "pbv": "4.64", "dividend": "0.29(FY:076-077)", "bonus": "5.50(FY:076-077)", "right": "", "avg": "39,646.00", "market": "11,982,353,250.00"},
{"short": "GIC", "cname": "General Insurance Company Limited (GIC)", "sector": "Non-Life Insurance", "sharesout": "10,000,000.00", "low_high": "820.00-485.10", "avg_120": "611.42", "yield_year": "-20.90%", "eps": "11.38(FY:078-079, Q:2)", "pe": "49.56", "book_value": "113.04", "pbv": "4.99", "dividend": "", "bonus": "", "right": "", "avg": "6,693.00", "market": "5,640,000,000.00"},
{"short": "GHL", "cname": "Ghalemdi Hydro Limited (GHL)", "sector": "Hydro Power", "sharesout": "5,500,000.00", "low_high": "555.90-149.00", "avg_120": "322.64", "yield_year": "48.67%", "eps": "0.73(FY:078-079, Q:2)", "pe": "336.03", "book_value": "100.28", "pbv": "2.45", "dividend": "", "bonus": "", "right": "", "avg": "28,953.00", "market": "1,349,150,000.00"},
{"short": "GFCLPO", "cname": "Goodwill Finance Company Limited Promoter Share (GFCLPO)", "sector": "Promotor Share", "sharesout": "", "low_high": "110.00-110.00", "avg_120": "110.00", "yield_year": "0.00%", "eps": "0.00(FY:, Q:0)", "pe": "0.00", "book_value": "0.00", "pbv": "110.00", "dividend": "7.72(FY:070-071)", "bonus": "10.00(FY:071-072)", "right": "", "avg": "93,489.00", "market": "0.00"},
{"short": "GILB", "cname": "Global IME Laghubitta Bittiya Sanstha Ltd. (GILB)", "sector": "Microfinance", "sharesout": "5,525,893.30", "low_high": "3,191.00-1,372.00", "avg_120": "1,635.90", "yield_year": "-41.13%", "eps": "49.42(FY:078-079, Q:3)", "pe": "29.95", "book_value": "176.13", "pbv": "8.40", "dividend": "1.45(FY:076-077)", "bonus": "28.00(FY:077-078)", "right": "", "avg": "1,224.00", "market": "8,178,322,084.00"},
{"short": "GBLBS", "cname": "Grameen Bikas Laghubitta Bittiya Sanstha Ltd. (GBLBS)", "sector": "Microfinance", "sharesout": "9,825,000.00", "low_high": "1,437.00-800.00", "avg_120": "950.64", "yield_year": "-27.29%", "eps": "38.68(FY:078-079, Q:2)", "pe": "22.18", "book_value": "222.64", "pbv": "3.85", "dividend": "", "bonus": "", "right": "1:0.5(FY:074-075)", "avg": "5,353.00", "market": "8,429,850,000.00"},
{"short": "GBIMEP", "cname": "Global IME Bank Limited Promoter Share (GBIMEP)", "sector": "Promotor Share", "sharesout": "", "low_high": "171.00-150.00", "avg_120": "165.00", "yield_year": "8.55%", "eps": "0.00(FY:, Q:0)", "pe": "0.00", "book_value": "0.00", "pbv": "165.00", "dividend": "4.00(FY:070-071)", "bonus": "23.00(FY:071-072)", "right": "", "avg": "40,735.00", "market": "0.00"},
{"short": "GFCL", "cname": "Goodwill Finance Co. Ltd. (GFCL)", "sector": "Finance", "sharesout": "9,461,152.00", "low_high": "1,010.00-249.00", "avg_120": "617.99", "yield_year": "95.44%", "eps": "15.62(FY:078-079, Q:3)", "pe": "32.91", "book_value": "202.32", "pbv": "2.54", "dividend": "", "bonus": "", "right": "10:6(FY:072-073)", "avg": "10,484.00", "market": "4,863,032,128.00"},
{"short": "GBIME", "cname": "Global IME Bank Limited (GBIME)", "sector": "Commercial Banks", "sharesout": "237,957,530.00", "low_high": "510.00-275.00", "avg_120": "325.77", "yield_year": "-29.41%", "eps": "20.88(FY:078-079, Q:3)", "pe": "14.84", "book_value": "149.45", "pbv": "2.07", "dividend": "3.50(FY:077-078)", "bonus": "10.00(FY:077-078)", "right": "", "avg": "71,649.00", "market": "73,743,038,547.00"},
{"short": "ICFC", "cname": "ICFC Finance Limited (ICFC)", "sector": "Finance", "sharesout": "11,271,152.00", "low_high": "1,176.80-299.00", "avg_120": "649.88", "yield_year": "61.04%", "eps": "14.67(FY:078-079, Q:3)", "pe": "35.79", "book_value": "148.50", "pbv": "3.54", "dividend": "4.00(FY:077-078)", "bonus": "10.00(FY:077-078)", "right": "", "avg": "33,101.00", "market": "5,917,354,800.00"},
{"short": "FOWAD", "cname": "Forward Microfinance Laghubitta Bittiya Sanstha Ltd. (FOWAD)", "sector": "Microfinance", "sharesout": "8,444,506.50", "low_high": "3,311.00-2,000.00", "avg_120": "2,275.93", "yield_year": "-20.35%", "eps": "108.50(FY:078-079, Q:2)", "pe": "21.18", "book_value": "303.57", "pbv": "7.57", "dividend": "", "bonus": "", "right": "", "avg": "3,144.00", "market": "19,405,475,937.00"},
{"short": "NCCB", "cname": "Nepal Credit And Commercial Bank Limited (NCCB)", "sector": "Commercial Banks", "sharesout": "111,396,780.10", "low_high": "407.00-220.50", "avg_120": "260.14", "yield_year": "-33.53%", "eps": "17.81(FY:078-079, Q:3)", "pe": "12.91", "book_value": "143.01", "pbv": "1.61", "dividend": "", "bonus": "", "right": "2:1(FY:072-073)", "avg": "41,837.00", "market": "25,621,259,423.00"},
{"short": "EICPO", "cname": "Everest Insurance Company Limited Promoter Share (EICPO)", "sector": "Promotor Share", "sharesout": "", "low_high": "530.10-325.90", "avg_120": "445.54", "yield_year": "9.81%", "eps": "0.00(FY:, Q:0)", "pe": "0.00", "book_value": "0.00", "pbv": "412.90", "dividend": "", "bonus": "", "right": "", "avg": "980.00", "market": "0.00"},
{"short": "EIC", "cname": "Everest Insurance Co. Ltd. (EIC)", "sector": "Non-Life Insurance", "sharesout": "12,546,202.40", "low_high": "885.00-526.00", "avg_120": "660.68", "yield_year": "-21.60%", "eps": "9.57(FY:078-079, Q:2)", "pe": "60.29", "book_value": "132.95", "pbv": "4.34", "dividend": "", "bonus": "", "right": "", "avg": "36,792.00", "market": "7,239,158,784.80"},
{"short": "ENL", "cname": "Emerging Nepal Limited (ENL)", "sector": "Investment", "sharesout": "5,556,000.00", "low_high": "1,481.90-287.10", "avg_120": "803.36", "yield_year": "0.00%", "eps": "0.00(FY:078-079, Q:2)", "pe": "0.00", "book_value": "100.00", "pbv": "8.85", "dividend": "5.27(FY:075-076)", "bonus": "", "right": "", "avg": "17,187.00", "market": "4,917,060,000.00"},
{"short": "EDBL", "cname": "Excel Development Bank Ltd. (EDBL)", "sector": "Development Bank Limited", "sharesout": "11,517,921.30", "low_high": "1,195.00-385.00", "avg_120": "500.48", "yield_year": "-20.22%", "eps": "8.17(FY:078-079, Q:2)", "pe": "52.63", "book_value": "136.56", "pbv": "3.15", "dividend": "0.63(FY:076-077)", "bonus": "12.00(FY:076-077)", "right": "10:3(FY:078-079)", "avg": "10,018.00", "market": "4,952,706,159.00"},
{"short": "EBL", "cname": "Everest Bank Limited (EBL)", "sector": "Commercial Banks", "sharesout": "94,673,400.00", "low_high": "811.00-498.00", "avg_120": "558.41", "yield_year": "-34.11%", "eps": "21.36(FY:078-079, Q:3)", "pe": "23.88", "book_value": "225.32", "pbv": "2.26", "dividend": "4.32(FY:077-078)", "bonus": "6.00(FY:077-078)", "right": "", "avg": "15,539.00", "market": "48,283,434,000.00"},
{"short": "DHPL", "cname": "Dibyashwori Hydropower Ltd. (DHPL)", "sector": "Hydro Power", "sharesout": "2,640,000.00", "low_high": "485.20-124.00", "avg_120": "301.72", "yield_year": "97.06%", "eps": "-1.18(FY:078-079, Q:2)", "pe": "-227.12", "book_value": "21.60", "pbv": "12.41", "dividend": "", "bonus": "", "right": "", "avg": "11,863.00", "market": "707,520,000.00"},
{"short": "EBLCP", "cname": "Everest Bank Limited Con. Pref. (EBLCP)", "sector": "Preferred Stock", "sharesout": "", "low_high": "770.00-588.09", "avg_120": "599.56", "yield_year": "-20.35%", "eps": "0.00(FY:, Q:0)", "pe": "0.00", "book_value": "0.00", "pbv": "599.80", "dividend": "", "bonus": "", "right": "", "avg": "10.00", "market": "0.00"},
{"short": "BNT", "cname": "Bottlers Nepal (Terai) Limited (BNT)", "sector": "Manufacturing And Processing", "sharesout": "1,210,000.00", "low_high": "17,670.00-8,788.00", "avg_120": "14,328.24", "yield_year": "52.64%", "eps": "499.56(FY:078-079, Q:2)", "pe": "27.90", "book_value": "2,485.91", "pbv": "5.61", "dividend": "40.00(FY:075-076)", "bonus": "", "right": "", "avg": "168.00", "market": "16,862,560,000.00"},
{"short": "DDBL", "cname": "Deprosc Laghubitta Bittiya Sanstha Limited (DDBL)", "sector": "Microfinance", "sharesout": "13,874,983.30", "low_high": "2,000.00-1,019.00", "avg_120": "1,190.76", "yield_year": "-37.32%", "eps": "48.21(FY:078-079, Q:2)", "pe": "22.92", "book_value": "198.20", "pbv": "5.58", "dividend": "1.05(FY:077-078)", "bonus": "20.00(FY:077-078)", "right": "", "avg": "4,853.00", "market": "15,331,856,546.50"},
{"short": "CZBIL", "cname": "Citizen Bank International Limited (CZBIL)", "sector": "Commercial Banks", "sharesout": "142,009,740.10", "low_high": "444.00-247.00", "avg_120": "279.61", "yield_year": "-17.98%", "eps": "14.93(FY:078-079, Q:3)", "pe": "17.41", "book_value": "140.15", "pbv": "1.86", "dividend": "3.09(FY:077-078)", "bonus": "12.91(FY:077-078)", "right": "10:2.5(FY:072-073)", "avg": "27,970.00", "market": "36,922,532,426.00"},
{"short": "BNHC", "cname": "Buddhabhumi Nepal Hydropower Company Limited (BNHC)", "sector": "Hydro Power", "sharesout": "", "low_high": "744.00-246.70", "avg_120": "598.31", "yield_year": "0.00%", "eps": "0.00(FY:, Q:0)", "pe": "0.00", "book_value": "0.00", "pbv": "518.00", "dividend": "", "bonus": "", "right": "", "avg": "5,133.00", "market": "0.00"},
{"short": "BFC", "cname": "Best Finance Company Ltd. (BFC)", "sector": "Finance", "sharesout": "8,289,137.90", "low_high": "630.00-169.00", "avg_120": "465.12", "yield_year": "121.79%", "eps": "24.56(FY:078-079, Q:3)", "pe": "16.62", "book_value": "143.25", "pbv": "2.85", "dividend": "", "bonus": "20.00(FY:067-068)", "right": "", "avg": "13,201.00", "market": "3,382,797,176.99"},
{"short": "BBC", "cname": "Bishal Bazar Company Limited (BBC)", "sector": "Tradings", "sharesout": "500,000.00", "low_high": "8,208.00-3,326.00", "avg_120": "4,711.48", "yield_year": "34.79%", "eps": "250.25(FY:077-078, Q:2)", "pe": "17.06", "book_value": "1,685.32", "pbv": "2.53", "dividend": "", "bonus": "", "right": "", "avg": "270.00", "market": "2,135,000,000.00"},
{"short": "BARUN", "cname": "Barun Hydropower Co. Ltd. (BARUN)", "sector": "Hydro Power", "sharesout": "2,679,075.00", "low_high": "763.40-225.00", "avg_120": "498.16", "yield_year": "71.93%", "eps": "15.26(FY:078-079, Q:2)", "pe": "27.38", "book_value": "109.50", "pbv": "3.82", "dividend": "0.26(FY:076-077)", "bonus": "5.00(FY:076-077)", "right": "1:1(FY:076-077)", "avg": "12,815.00", "market": "1,119,317,535.00"},
{"short": "API", "cname": "Api Power Company Ltd. (API)", "sector": "Hydro Power", "sharesout": "38,449,155,446.11", "low_high": "670.00-280.00", "avg_120": "465.11", "yield_year": "-14.74%", "eps": "0.01(FY:078-079, Q:2)", "pe": "30,950.00", "book_value": "100.01", "pbv": "3.09", "dividend": "0.55(FY:077-078)", "bonus": "10.50(FY:077-078)", "right": "", "avg": "129,087.00", "market": "11,900,013,610,569.50"},
{"short": "ALBSL", "cname": "Asha Laghubitta Bittiya Sanstha Limited (ALBSL)", "sector": "Microfinance", "sharesout": "3,339,140.00", "low_high": "2,101.20-1,176.00", "avg_120": "1,479.36", "yield_year": "-16.58%", "eps": "47.92(FY:078-079, Q:3)", "pe": "29.19", "book_value": "165.40", "pbv": "8.46", "dividend": "1.32(FY:077-078)", "bonus": "25.00(FY:077-078)", "right": "", "avg": "827.00", "market": "4,671,456,860.00"},
{"short": "ALICL", "cname": "Asian Life Insurance Co. Limited (ALICL)", "sector": "Life Insurance", "sharesout": "25,134,509.00", "low_high": "1,565.00-775.00", "avg_120": "987.58", "yield_year": "-33.28%", "eps": "0.00(FY:078-079, Q:2)", "pe": "0.00", "book_value": "138.32", "pbv": "6.06", "dividend": "2.00(FY:076-077)", "bonus": "25.00(FY:076-077)", "right": "1:0.6(FY:074-075)", "avg": "17,377.00", "market": "21,062,718,542.00"},
{"short": "AKPL", "cname": "Arun Kabeli Power Ltd. (AKPL)", "sector": "Hydro Power", "sharesout": "18,552,105.00", "low_high": "882.40-323.00", "avg_120": "516.03", "yield_year": "22.35%", "eps": "21.60(FY:078-079, Q:2)", "pe": "19.77", "book_value": "111.12", "pbv": "3.84", "dividend": "0.89(FY:077-078)", "bonus": "17.00(FY:077-078)", "right": "", "avg": "49,457.00", "market": "7,921,748,835.00"},
{"short": "AKJCL", "cname": "Ankhu Khola Jalvidhyut Company Ltd (AKJCL)", "sector": "Hydro Power", "sharesout": "8,000,000.00", "low_high": "502.00-143.00", "avg_120": "295.31", "yield_year": "55.82%", "eps": "9.44(FY:078-079, Q:2)", "pe": "26.08", "book_value": "71.80", "pbv": "3.43", "dividend": "", "bonus": "", "right": "", "avg": "41,178.00", "market": "1,969,600,000.00"},
{"short": "AHPC", "cname": "Arun Valley Hydropower Development Co. Ltd. (AHPC)", "sector": "Hydro Power", "sharesout": "17,295,950.00", "low_high": "785.00-237.00", "avg_120": "495.27", "yield_year": "60.38%", "eps": "8.66(FY:078-079, Q:2)", "pe": "48.52", "book_value": "107.82", "pbv": "3.90", "dividend": "0.53(FY:077-078)", "bonus": "10.00(FY:077-078)", "right": "", "avg": "110,221.00", "market": "7,267,758,190.00"},
{"short": "AIL", "cname": "AJOD Insurance Limited (AIL)", "sector": "Non-Life Insurance", "sharesout": "10,000,000.00", "low_high": "976.00-588.80", "avg_120": "700.96", "yield_year": "-23.18%", "eps": "9.27(FY:078-079, Q:2)", "pe": "70.44", "book_value": "111.80", "pbv": "5.84", "dividend": "", "bonus": "", "right": "", "avg": "5,637.00", "market": "6,530,000,000.00"},
{"short": "ADBL", "cname": "Agriculture Development Bank Limited (ADBL)", "sector": "Commercial Banks", "sharesout": "197,071,701.60", "low_high": "620.00-358.70", "avg_120": "406.50", "yield_year": "-12.01%", "eps": "14.55(FY:078-079, Q:3)", "pe": "25.88", "book_value": "171.04", "pbv": "2.20", "dividend": "", "bonus": "", "right": "", "avg": "22,848.00", "market": "74,217,202,822.56"},
{"short": "FMDBL", "cname": "First Micro Finance Laghubitta Bittiya Sanstha Limited (FMDBL)", "sector": "Microfinance", "sharesout": "9,644,924.00", "low_high": "1,365.00-667.00", "avg_120": "816.26", "yield_year": "-12.87%", "eps": "22.97(FY:078-079, Q:3)", "pe": "31.82", "book_value": "133.84", "pbv": "5.46", "dividend": "4.18(FY:077-078)", "bonus": "10.00(FY:077-078)", "right": "", "avg": "11,249.00", "market": "7,050,439,444.00"},
{"short": "HDHPC", "cname": "Himal Dolakha Hydropower Company Limited (HDHPC)", "sector": "Hydro Power", "sharesout": "16,000,000.00", "low_high": "478.90-150.00", "avg_120": "313.23", "yield_year": "46.22%", "eps": "-1.18(FY:077-078, Q:4)", "pe": "-203.22", "book_value": "83.33", "pbv": "2.88", "dividend": "", "bonus": "", "right": "", "avg": "43,195.00", "market": "3,836,800,000.00"},
{"short": "NFS", "cname": "Nepal Finance Ltd. (NFS)", "sector": "Finance", "sharesout": "4,934,960.00", "low_high": "806.00-288.00", "avg_120": "630.14", "yield_year": "57.57%", "eps": "8.66(FY:078-079, Q:3)", "pe": "55.31", "book_value": "140.51", "pbv": "3.41", "dividend": "1.16(FY:067-068)", "bonus": "22.00(FY:067-068)", "right": "1:1.25(FY:076-077)", "avg": "18,585.00", "market": "2,363,845,840.00"},
{"short": "GBBL", "cname": "Garima Bikas Bank Limited (GBBL)", "sector": "Development Bank Limited", "sharesout": "45,798,924.00", "low_high": "750.00-323.00", "avg_120": "529.49", "yield_year": "21.88%", "eps": "22.84(FY:078-079, Q:3)", "pe": "18.78", "book_value": "140.27", "pbv": "3.06", "dividend": "0.71(FY:076-077)", "bonus": "", "right": "", "avg": "33,071.00", "market": "19,647,738,396.00"}
]